id,date,draw1,draw2,draw3,draw4,draw5,draw6
2342,2021-02-06,17,20,24,27,40,60
2341,2021-02-03,04,09,31,32,42,46
2340,2021-01-30,16,21,28,41,49,51
2339,2021-01-28,04,18,29,47,48,59
2338,2021-01-26,08,21,23,34,42,47
2337,2021-01-23,02,09,34,49,51,55
2336,2021-01-20,08,10,20,27,28,50
2335,2021-01-16,09,18,23,42,47,49
2334,2021-01-13,04,13,20,22,25,60
2333,2021-01-09,09,16,31,41,53,55
2332,2021-01-06,12,33,35,36,44,52
2331,2021-01-02,11,13,16,36,53,57
2329,2020-12-19,12,14,28,42,45,55
2328,2020-12-16,08,11,14,39,48,53
2327,2020-12-12,30,37,45,54,57,58
2326,2020-12-10,10,16,27,34,36,57
2325,2020-12-08,33,34,37,46,52,60
2324,2020-12-05,02,16,19,31,43,60
2323,2020-12-02,20,27,35,39,50,59
2322,2020-11-28,02,05,10,29,34,41
2321,2020-11-25,14,25,28,41,43,46
2320,2020-11-21,06,30,35,39,42,48
2319,2020-11-18,06,17,25,35,40,49
2318,2020-11-14,28,44,52,54,58,60
2317,2020-11-11,03,08,30,33,35,48
2316,2020-11-07,02,11,43,49,52,56
2315,2020-11-04,01,10,17,26,30,53
2314,2020-10-31,06,07,28,42,45,49
2313,2020-10-28,03,20,26,45,49,58
2312,2020-10-24,03,27,39,46,47,60
2311,2020-10-22,03,05,09,35,43,60
2310,2020-10-20,13,17,28,29,42,53
2309,2020-10-17,09,11,29,30,33,60
2308,2020-10-14,09,13,26,38,58,60
2307,2020-10-10,16,33,38,46,53,55
2306,2020-10-07,03,19,28,33,57,58
2305,2020-10-03,07,16,22,38,55,57
2304,2020-09-30,12,21,29,54,56,57
2303,2020-09-26,03,07,17,20,48,50
2302,2020-09-23,18,22,25,27,43,44
2301,2020-09-19,17,18,35,36,47,52
2300,2020-09-17,09,21,37,39,43,54
2299,2020-09-15,02,03,19,40,44,60
2298,2020-09-12,13,17,21,31,41,49
2297,2020-09-09,20,22,35,40,41,59
2296,2020-09-05,01,06,21,29,36,59
2295,2020-09-02,06,13,26,28,35,41
2294,2020-08-29,09,15,20,33,41,43
2293,2020-08-26,01,02,10,37,42,48
2292,2020-08-22,06,16,18,33,42,57
2291,2020-08-19,12,26,31,36,37,49
2290,2020-08-15,05,18,36,44,57,60
2289,2020-08-13,06,09,34,37,38,45
2288,2020-08-11,02,26,35,39,40,56
2287,2020-08-08,02,04,06,29,41,56
2286,2020-08-05,09,21,30,41,42,43
2285,2020-08-01,01,07,10,12,33,42
2284,2020-07-29,04,10,12,14,36,46
2283,2020-07-25,04,24,37,43,59,60
2282,2020-07-22,12,27,30,36,45,52
2281,2020-07-18,14,27,35,40,50,55
2280,2020-07-16,28,29,31,50,58,59
2279,2020-07-14,05,12,14,20,27,28
2278,2020-07-11,08,17,34,37,43,45
2277,2020-07-08,10,22,23,37,53,60
2276,2020-07-04,05,15,18,27,49,57
2275,2020-07-01,02,04,25,36,50,53
2274,2020-06-27,08,11,17,33,40,55
2273,2020-06-24,15,16,20,38,40,58
2272,2020-06-20,02,05,11,24,41,49
2271,2020-06-17,06,10,27,28,41,52
2270,2020-06-13,14,16,38,39,41,48
2269,2020-06-10,01,11,14,23,29,55
2268,2020-06-06,04,13,23,28,30,52
2267,2020-06-03,20,32,33,48,49,53
2266,2020-05-30,10,23,31,37,58,59
2265,2020-05-27,14,20,23,39,46,50
2264,2020-05-23,02,03,08,19,29,37
2263,2020-05-20,09,24,33,43,49,57
2262,2020-05-16,07,08,14,23,30,46
2261,2020-05-13,07,23,26,27,29,51
2260,2020-05-09,12,14,34,35,37,47
2259,2020-05-07,20,27,41,54,56,58
2258,2020-05-05,01,05,07,14,23,26
2257,2020-05-02,18,21,30,31,34,51
2256,2020-04-29,09,10,30,37,47,54
2255,2020-04-25,15,20,39,41,49,57
2254,2020-04-22,04,09,24,44,47,56
2253,2020-04-18,31,32,33,39,52,55
2252,2020-04-15,01,17,30,37,46,50
2251,2020-04-11,05,15,22,26,54,58
2250,2020-04-08,27,33,39,52,57,58
2249,2020-04-04,04,09,31,47,49,53
2248,2020-04-01,09,15,20,29,30,42
2247,2020-03-28,01,42,44,47,48,53
2246,2020-03-25,05,09,24,27,33,46
2245,2020-03-21,11,14,15,18,33,34
2244,2020-03-18,03,05,11,34,37,42
2243,2020-03-14,14,18,28,35,38,54
2242,2020-03-12,05,09,18,24,25,42
2241,2020-03-10,01,13,18,26,40,56
2240,2020-03-07,07,09,10,19,25,58
2239,2020-03-04,07,27,31,39,45,46
2238,2020-02-29,11,36,45,55,57,58
2237,2020-02-27,11,20,27,28,53,60
2236,2020-02-22,07,20,38,43,45,53
2235,2020-02-19,14,18,30,35,55,57
2234,2020-02-15,04,21,27,29,42,47
2233,2020-02-12,04,06,32,35,41,45
2232,2020-02-08,07,08,31,34,38,47
2231,2020-02-05,04,13,25,40,53,57
2230,2020-02-01,07,17,26,39,56,60
2229,2020-01-29,06,11,29,40,41,58
2228,2020-01-25,09,19,23,32,39,45
2227,2020-01-23,06,09,12,27,32,57
2226,2020-01-21,02,04,07,16,30,38
2225,2020-01-18,01,32,37,44,46,47
2224,2020-01-15,16,23,32,50,52,58
2223,2020-01-11,02,26,40,42,49,56
2222,2020-01-08,13,14,29,30,48,59
2221,2020-01-04,05,23,34,45,56,57
2220,2019-12-31,03,35,38,40,57,58
2219,2019-12-21,08,28,36,45,57,59
2218,2019-12-19,06,16,22,38,48,52
2217,2019-12-17,10,14,16,30,32,36
2216,2019-12-14,10,24,42,43,48,49
2215,2019-12-11,01,19,21,23,33,43
2214,2019-12-07,04,10,18,30,34,47
2213,2019-12-04,05,07,10,32,46,60
2212,2019-11-30,23,26,51,52,53,58
2211,2019-11-27,27,36,40,41,44,54
2210,2019-11-23,11,17,24,25,33,34
2209,2019-11-20,22,25,28,32,33,47
2208,2019-11-16,16,25,30,40,45,49
2207,2019-11-13,06,10,11,43,53,55
2206,2019-11-09,06,27,38,42,45,57
2205,2019-11-06,12,21,28,37,42,57
2204,2019-11-04,01,28,29,32,35,56
2203,2019-10-30,17,34,46,49,50,57
2202,2019-10-26,11,29,37,38,43,60
2201,2019-10-24,03,13,23,41,49,53
2200,2019-10-22,11,15,28,36,43,55
2199,2019-10-19,15,23,30,35,38,44
2198,2019-10-16,01,11,34,36,44,56
2197,2019-10-14,03,11,29,35,44,57
2196,2019-10-09,01,25,27,28,41,56
2195,2019-10-05,14,24,32,38,46,53
2194,2019-10-02,08,16,20,21,31,34
2193,2019-09-28,07,08,22,27,29,42
2192,2019-09-26,07,16,37,53,57,59
2191,2019-09-24,04,08,26,33,46,53
2190,2019-09-21,05,09,20,25,35,53
2189,2019-09-18,04,11,16,22,29,33
2188,2019-09-14,02,17,21,28,51,60
2187,2019-09-11,10,11,16,21,46,50
2187,2019-09-11,10,11,16,21,46,50
2186,2019-09-09,12,18,19,27,41,46
2185,2019-09-04,09,18,19,22,42,47
2184,2019-08-31,15,36,45,51,52,59
2183,2019-08-28,13,26,30,34,43,51
2182,2019-08-24,19,22,39,46,47,59
2181,2019-08-21,01,08,19,33,36,48
2180,2019-08-17,10,12,16,21,28,38
2179,2019-08-14,02,13,24,35,50,54
2178,2019-08-10,02,16,21,42,50,56
2177,2019-08-08,09,11,14,31,48,51
2176,2019-08-06,08,23,25,39,43,44
2175,2019-08-03,07,25,32,43,53,55
2174,2019-07-31,10,15,34,36,56,60
2173,2019-07-27,02,09,42,44,48,50
2172,2019-07-24,09,24,28,37,43,57
2171,2019-07-20,12,13,19,36,44,55
2170,2019-07-17,10,21,24,36,38,51
2169,2019-07-13,07,34,45,51,54,59
2168,2019-07-11,01,04,25,27,29,37
2167,2019-07-09,27,37,38,43,45,54
2166,2019-07-06,03,19,34,44,56,58
2165,2019-07-03,05,37,43,49,54,56
2164,2019-06-29,16,17,25,47,48,58
2163,2019-06-26,08,18,20,24,36,45
2162,2019-06-22,11,16,22,30,34,42
2161,2019-06-19,08,09,10,24,42,44
2160,2019-06-15,01,19,46,47,49,53
2159,2019-06-12,14,26,35,38,45,53
2158,2019-06-08,09,27,35,45,46,59
2157,2019-06-05,31,33,34,35,39,48
2156,2019-06-01,01,06,23,26,39,49
2155,2019-05-29,02,06,27,37,44,47
2154,2019-05-25,07,25,41,47,50,53
2153,2019-05-22,08,13,28,31,32,33
2152,2019-05-18,26,29,36,49,50,59
2151,2019-05-15,02,14,18,29,36,38
2150,2019-05-11,23,24,26,38,42,49
2149,2019-05-08,21,23,37,44,46,48
2148,2019-05-04,08,15,32,33,58,59
2147,2019-05-02,17,19,37,41,42,49
2146,2019-04-27,16,18,31,39,42,44
2145,2019-04-24,06,08,28,51,53,59
2144,2019-04-20,07,16,21,33,55,60
2143,2019-04-17,02,12,35,51,57,58
2142,2019-04-13,07,40,44,50,52,57
2141,2019-04-10,10,11,17,19,37,41
2140,2019-04-06,17,20,26,36,42,54
2139,2019-04-03,14,23,29,41,57,58
2138,2019-03-30,04,13,14,21,30,34
2137,2019-03-27,01,02,11,12,34,49
2136,2019-03-23,01,08,11,22,30,35
2135,2019-03-20,09,23,28,40,48,59
2134,2019-03-16,06,21,34,46,54,59
2133,2019-03-13,19,20,26,51,52,57
2132,2019-03-09,05,18,30,35,39,60
2131,2019-03-06,02,03,06,18,20,28
2130,2019-03-02,13,16,36,53,54,55
2129,2019-02-28,06,12,31,32,46,60
2128,2019-02-26,11,16,24,46,54,55
2127,2019-02-23,01,07,28,30,44,46
2126,2019-02-20,07,12,24,27,39,58
2125,2019-02-16,01,31,44,46,53,58
2124,2019-02-13,02,11,20,31,43,47
2123,2019-02-09,14,15,47,50,56,59
2122,2019-02-06,03,11,15,21,27,49
2121,2019-02-02,08,10,17,29,37,40
2120,2019-01-30,13,20,24,25,38,41
2119,2019-01-26,19,21,26,31,42,49
2118,2019-01-23,11,12,20,40,41,46
2117,2019-01-19,04,28,29,30,43,52
2116,2019-01-17,01,09,19,21,34,54
2115,2019-01-15,04,19,27,35,40,44
2114,2019-01-12,17,25,30,35,42,57
2113,2019-01-09,11,14,21,25,46,50
2112,2019-01-05,17,39,43,46,52,53
2111,2019-01-02,01,41,44,46,54,58
2110,2018-12-31,05,10,12,18,25,33
2109,2018-12-20,04,12,16,34,44,49
2108,2018-12-18,19,22,29,41,44,59
2107,2018-12-15,08,38,44,50,56,60
2106,2018-12-12,03,27,36,39,40,43
2105,2018-12-08,11,13,16,24,31,46
2104,2018-12-06,02,10,12,27,45,56
2103,2018-12-04,03,13,40,44,46,50
2102,2018-12-01,04,06,17,34,51,57
2101,2018-11-28,02,08,18,37,56,58
2100,2018-11-24,01,10,11,13,35,49
2099,2018-11-21,05,15,20,27,30,58
2098,2018-11-17,02,08,18,27,38,60
2097,2018-11-14,09,24,28,45,49,51
2096,2018-11-10,06,11,13,19,24,51
2095,2018-11-07,16,29,35,43,49,56
2094,2018-11-03,04,16,19,31,33,44
2093,2018-10-31,08,14,27,34,52,54
2092,2018-10-27,11,13,15,17,22,27
2091,2018-10-25,10,11,12,37,38,59
2090,2018-10-23,08,11,18,37,40,51
2089,2018-10-20,05,10,32,38,48,49
2088,2018-10-17,03,14,24,27,38,56
2087,2018-10-13,02,18,19,23,34,53
2086,2018-10-10,04,35,43,46,47,53
2085,2018-10-06,12,21,25,37,38,49
2084,2018-10-03,07,20,26,37,38,39
2083,2018-09-29,01,18,19,33,56,60
2082,2018-09-26,06,25,33,42,48,49
2081,2018-09-22,13,18,35,40,41,42
2080,2018-09-20,10,22,40,46,55,58
2079,2018-09-18,01,02,14,37,55,58
2078,2018-09-15,02,11,15,30,36,39
2077,2018-09-12,13,16,26,35,37,39
2076,2018-09-08,05,06,12,15,22,43
2075,2018-09-05,07,09,23,33,57,59
2074,2018-09-01,08,18,23,37,42,58
2073,2018-08-29,12,15,18,30,52,55
2072,2018-08-25,10,12,13,20,22,54
2071,2018-08-22,24,33,34,35,46,60
2070,2018-08-18,05,26,27,34,42,48
2069,2018-08-16,03,17,34,35,40,48
2068,2018-08-14,03,05,09,40,42,47
2067,2018-08-11,02,11,13,26,32,59
2066,2018-08-08,06,25,27,35,45,55
2065,2018-08-04,04,11,20,30,37,43
2064,2018-08-01,10,14,36,53,55,60
2063,2018-07-28,06,10,19,24,25,29
2062,2018-07-25,08,10,15,23,25,34
2061,2018-07-21,33,36,40,44,45,54
2060,2018-07-18,08,09,11,25,39,41
2059,2018-07-14,04,05,36,40,44,56
2058,2018-07-11,04,19,23,29,56,59
2057,2018-07-07,10,13,20,37,38,54
2056,2018-07-05,18,22,29,34,36,47
2055,2018-07-03,06,25,35,43,46,53
2054,2018-06-30,04,07,12,22,26,39
2053,2018-06-27,12,22,27,37,40,55
2052,2018-06-23,50,51,56,57,58,59
2051,2018-06-20,01,05,06,37,44,53
2050,2018-06-16,08,31,32,33,38,50
2049,2018-06-13,10,19,27,31,51,53
2048,2018-06-09,10,19,26,35,38,39
2047,2018-06-06,01,18,19,29,44,54
2046,2018-06-02,03,06,11,27,28,46
2045,2018-05-30,15,25,27,45,46,50
2044,2018-05-26,07,14,47,54,56,60
2043,2018-05-23,21,38,53,56,57,58
2042,2018-05-19,14,22,29,32,33,35
2041,2018-05-16,10,12,22,25,42,54
2040,2018-05-12,06,09,41,54,56,58
2039,2018-05-10,06,12,22,28,31,44
2038,2018-05-08,06,25,26,35,38,40
2037,2018-05-05,14,16,23,30,45,60
2036,2018-05-02,07,08,19,23,27,58
2035,2018-04-28,30,35,36,38,49,52
2034,2018-04-25,06,07,13,17,22,56
2033,2018-04-20,10,18,33,38,40,43
2032,2018-04-17,06,14,19,20,39,53
2031,2018-04-14,18,23,37,39,50,55
2030,2018-04-11,04,27,38,40,58,59
2029,2018-04-07,06,15,18,33,37,40
2028,2018-04-04,07,11,24,36,42,58
2027,2018-03-31,11,15,29,37,39,44
2026,2018-03-28,10,23,31,33,51,52
2025,2018-03-24,04,24,46,52,55,56
2024,2018-03-21,16,20,23,29,35,47
2023,2018-03-17,01,06,07,08,23,56
2022,2018-03-14,04,28,45,48,52,60
2021,2018-03-10,07,14,32,37,40,60
2020,2018-03-07,02,36,46,48,57,60
2019,2018-03-03,23,41,46,52,54,59
2018,2018-02-28,11,22,25,27,55,59
2017,2018-02-24,02,10,11,24,38,56
2016,2018-02-21,04,11,17,18,21,48
2015,2018-02-17,17,18,27,32,39,58
2014,2018-02-14,16,32,40,46,53,56
2013,2018-02-10,06,23,30,36,53,56
2012,2018-02-08,08,11,27,35,36,51
2011,2018-02-06,02,28,32,35,54,58
2010,2018-02-03,08,10,18,34,39,56
2009,2018-01-31,01,37,44,46,48,50
2008,2018-01-27,22,27,33,42,58,59
2007,2018-01-24,04,14,39,41,54,58
2006,2018-01-20,01,09,14,20,25,54
2005,2018-01-17,11,19,22,33,34,53
2004,2018-01-13,01,05,14,23,35,45
2003,2018-01-10,28,34,40,43,50,51
2002,2018-01-06,04,28,30,38,46,59
2001,2018-01-03,20,22,36,42,52,60
1999,2017-12-21,15,37,38,42,49,50
1998,2017-12-19,08,21,24,25,52,57
1997,2017-12-16,01,07,14,31,35,46
1996,2017-12-13,07,20,21,24,40,56
1995,2017-12-09,14,26,29,35,37,39
1994,2017-12-06,02,05,12,32,40,44
1993,2017-12-02,06,17,33,48,50,57
1992,2017-11-29,05,11,13,21,53,54
1991,2017-11-25,19,20,28,34,36,44
1990,2017-11-22,11,24,26,34,37,59
1989,2017-11-18,15,22,30,32,40,58
1988,2017-11-16,05,10,39,42,46,54
1987,2017-11-11,10,14,31,34,45,58
1986,2017-11-09,23,36,43,44,55,56
1985,2017-11-07,09,28,29,34,36,55
1984,2017-11-04,21,29,32,35,43,50
1983,2017-11-01,05,06,10,14,22,36
1982,2017-10-28,04,14,20,24,46,50
1981,2017-10-25,06,15,19,37,39,53
1980,2017-10-21,12,16,17,18,34,37
1979,2017-10-19,22,23,29,32,38,45
1978,2017-10-17,02,06,22,44,55,57
1977,2017-10-14,03,16,28,32,34,37
1976,2017-10-11,12,14,19,25,52,59
1975,2017-10-07,08,11,24,26,47,57
1974,2017-10-04,04,19,27,38,54,57
1973,2017-09-30,01,12,16,17,52,60
1972,2017-09-27,09,16,20,54,57,59
1971,2017-09-23,04,10,41,44,52,54
1970,2017-09-21,05,10,18,24,39,52
1969,2017-09-19,08,20,30,32,48,59
1968,2017-09-16,35,36,39,44,48,52
1967,2017-09-13,13,30,32,39,46,54
1966,2017-09-09,10,13,19,32,40,60
1965,2017-09-06,26,28,35,38,48,55
1964,2017-09-02,02,27,32,36,48,50
1963,2017-08-30,04,05,07,34,42,60
1962,2017-08-26,05,06,15,25,39,53
1960,2017-08-19,01,18,25,37,39,43
1959,2017-08-16,08,21,27,35,43,56
1958,2017-08-12,15,20,22,24,34,55
1957,2017-08-10,02,14,22,23,29,47
1956,2017-08-08,05,08,20,28,40,45
1955,2017-08-05,15,27,33,36,41,45
1954,2017-08-02,09,25,33,35,40,49
1953,2017-07-29,09,26,29,42,43,45
1952,2017-07-26,09,21,36,38,52,53
1951,2017-07-22,14,16,19,21,33,55
1950,2017-07-19,10,21,32,34,48,57
1949,2017-07-15,01,06,14,22,30,56
1948,2017-07-12,12,20,24,28,33,57
1947,2017-07-08,08,33,40,52,55,59
1946,2017-07-06,04,06,39,44,52,60
1945,2017-07-04,04,08,10,21,45,54
1944,2017-07-01,08,09,39,47,57,59
1943,2017-06-28,09,11,12,30,39,43
1942,2017-06-24,06,18,20,24,43,48
1941,2017-06-21,01,09,24,38,48,49
1940,2017-06-17,09,13,16,17,36,47
1939,2017-06-14,07,24,29,39,45,52
1938,2017-06-10,10,16,32,40,42,54
1937,2017-06-07,06,10,24,29,43,55
1936,2017-06-03,03,12,24,40,51,52
1935,2017-05-31,01,03,10,17,23,24
1934,2017-05-27,08,23,35,39,56,59
1933,2017-05-24,02,14,15,19,35,59
1932,2017-05-20,10,16,21,29,44,55
1931,2017-05-17,02,08,09,15,22,34
1930,2017-05-13,04,17,18,37,52,56
1929,2017-05-11,03,10,23,36,43,52
1928,2017-05-09,10,26,28,51,53,59
1927,2017-05-06,05,11,13,19,30,31
1926,2017-05-03,02,03,14,20,30,46
1925,2017-04-29,01,17,38,43,45,47
1924,2017-04-26,12,16,30,52,53,58
1923,2017-04-22,09,34,42,45,46,59
1922,2017-04-19,20,22,36,38,41,43
1921,2017-04-15,10,15,16,19,28,35
1920,2017-04-12,25,31,33,39,43,45
1919,2017-04-08,11,28,37,45,54,60
1918,2017-04-05,16,17,20,22,38,50
1917,2017-04-01,04,21,25,33,36,46
1916,2017-03-29,03,09,18,23,50,52
1915,2017-03-25,02,20,21,33,48,57
1914,2017-03-22,16,29,33,39,42,44
1913,2017-03-18,04,14,17,43,52,56
1912,2017-03-15,10,13,33,35,36,42
1911,2017-03-11,16,18,23,30,32,33
1910,2017-03-08,06,09,15,22,39,48
1909,2017-03-04,11,40,43,45,47,57
1908,2017-03-01,04,10,13,23,27,57
1907,2017-02-25,03,25,35,38,44,48
1906,2017-02-23,06,27,33,39,40,60
1905,2017-02-21,29,35,43,54,56,57
1904,2017-02-18,12,15,18,21,51,56
1903,2017-02-15,09,10,15,28,43,45
1902,2017-02-11,02,07,09,18,21,25
1901,2017-02-08,11,12,26,30,37,53
1900,2017-02-04,08,11,27,28,43,46
1899,2017-02-01,20,23,35,36,44,48
1898,2017-01-28,12,34,45,53,55,58
1897,2017-01-25,09,22,25,47,52,58
1896,2017-01-21,03,06,14,15,21,25
1895,2017-01-18,02,03,05,10,15,34
1894,2017-01-14,21,31,35,53,54,57
1893,2017-01-11,16,17,19,28,45,58
1892,2017-01-07,06,17,22,30,37,50
1891,2017-01-04,01,03,19,23,47,58
1890,2016-12-31,05,11,22,24,51,53
1889,2016-12-24,16,23,25,28,30,44
1888,2016-12-22,01,10,17,18,45,48
1887,2016-12-20,11,23,34,41,46,56
1886,2016-12-17,03,07,15,40,45,54
1885,2016-12-14,07,14,18,23,32,59
1884,2016-12-10,01,04,23,32,38,59
1883,2016-12-07,16,27,28,47,59,60
1882,2016-12-03,09,10,19,35,37,41
1881,2016-11-30,03,10,30,44,53,56
1880,2016-11-26,05,16,19,37,51,56
1879,2016-11-23,05,10,20,57,58,59
1878,2016-11-19,12,16,26,40,56,57
1877,2016-11-16,13,16,23,24,32,35
1876,2016-11-12,07,18,39,41,44,51
1875,2016-11-10,01,45,47,52,53,55
1874,2016-11-08,10,28,37,43,44,47
1873,2016-11-05,05,25,28,41,53,54
1872,2016-11-03,11,13,25,39,46,56
1871,2016-10-29,03,11,17,33,52,58
1870,2016-10-26,18,20,30,32,33,40
1869,2016-10-22,11,23,24,26,40,52
1868,2016-10-20,01,05,23,25,28,31
1867,2016-10-18,03,10,17,21,22,43
1866,2016-10-15,14,17,36,38,44,60
1865,2016-10-13,01,05,31,32,37,42
1864,2016-10-08,04,05,14,37,40,60
1863,2016-10-05,16,23,45,56,58,59
1862,2016-10-01,02,08,35,42,49,56
1861,2016-09-28,02,04,09,35,45,60
1860,2016-09-24,10,30,36,40,44,60
1859,2016-09-22,01,13,14,21,26,51
1858,2016-09-20,22,28,30,33,55,59
1857,2016-09-17,13,23,25,35,52,53
1856,2016-09-14,02,09,14,22,32,37
1855,2016-09-10,06,10,15,24,38,39
1854,2016-09-08,25,30,31,34,43,59
1853,2016-09-03,01,02,34,39,41,45
1852,2016-08-31,13,17,29,45,49,50
1851,2016-08-27,08,18,21,22,35,37
1850,2016-08-24,23,24,32,38,40,41
1849,2016-08-20,03,05,11,27,35,44
1848,2016-08-17,09,40,41,50,55,58
1847,2016-08-13,01,06,45,49,50,57
1846,2016-08-11,06,24,26,30,34,49
1845,2016-08-09,03,09,13,29,30,51
1844,2016-08-06,03,04,37,39,48,50
1843,2016-08-03,08,26,28,33,41,54
1942,2017-06-24,06,18,20,24,43,48
1941,2017-06-21,01,09,24,38,48,49
1940,2017-06-17,09,13,16,17,36,47
1939,2017-06-14,07,24,29,39,45,52
1938,2017-06-10,10,16,32,40,42,54
1937,2017-06-07,06,10,24,29,43,55
1936,2017-06-03,03,12,24,40,51,52
1935,2017-05-31,01,03,10,17,23,24
1934,2017-05-27,08,23,35,39,56,59
1933,2017-05-24,02,14,15,19,35,59
1932,2017-05-20,10,16,21,29,44,55
1931,2017-05-17,02,08,09,15,22,34
1930,2017-05-13,04,17,18,37,52,56
1929,2017-05-11,03,10,23,36,43,52
1928,2017-05-09,10,26,28,51,53,59
1927,2017-05-06,05,11,13,19,30,31
1926,2017-05-03,02,03,14,20,30,46
1925,2017-04-29,01,17,38,43,45,47
1924,2017-04-26,12,16,30,52,53,58
1923,2017-04-22,09,34,42,45,46,59
1922,2017-04-19,20,22,36,38,41,43
1921,2017-04-15,10,15,16,19,28,35
1920,2017-04-12,25,31,33,39,43,45
1919,2017-04-08,11,28,37,45,54,60
1918,2017-04-05,16,17,20,22,38,50
1917,2017-04-01,04,21,25,33,36,46
1916,2017-03-29,03,09,18,23,50,52
1915,2017-03-25,02,20,21,33,48,57
1914,2017-03-22,16,29,33,39,42,44
1913,2017-03-18,04,14,17,43,52,56
1912,2017-03-15,10,13,33,35,36,42
1911,2017-03-11,16,18,23,30,32,33
1909,2017-03-04,11,40,43,45,47,57
1908,2017-03-01,04,10,13,23,27,57
1907,2017-02-25,03,25,35,38,44,48
1906,2017-02-23,06,27,33,39,40,60
1905,2017-02-21,29,35,43,54,56,57
1904,2017-02-18,12,15,18,21,51,56
1903,2017-02-15,09,10,15,28,43,45
1902,2017-02-11,02,07,09,18,21,25
1901,2017-02-08,11,12,26,30,37,53
1900,2017-02-04,08,11,27,28,43,46
1899,2017-02-01,20,23,35,36,44,48
1898,2017-01-28,12,34,45,53,55,58
1897,2017-01-25,09,22,25,47,52,58
1896,2017-01-21,03,06,14,15,21,25
1895,2017-01-18,02,03,05,10,15,34
1894,2017-01-14,21,31,35,53,54,57
1893,2017-01-11,16,17,19,28,45,58
1892,2017-01-07,06,17,22,30,37,50
1891,2017-01-04,01,03,19,23,47,58
1890,2016-12-31,05,11,22,24,51,53
1889,2016-12-24,16,23,25,28,30,44
1888,2016-12-22,01,10,17,18,45,48
1887,2016-12-20,11,23,34,41,46,56
1886,2016-12-17,03,07,15,40,45,54
1885,2016-12-14,07,14,18,23,32,59
1884,2016-12-10,01,04,23,32,38,59
1883,2016-12-07,16,27,28,47,59,60
1882,2016-12-03,09,10,19,35,37,41
1881,2016-11-30,03,10,30,44,53,56
1880,2016-11-26,05,16,19,37,51,56
1879,2016-11-23,05,10,20,57,58,59
1878,2016-11-19,12,16,26,40,56,57
1877,2016-11-16,13,16,23,24,32,35
1876,2016-11-12,07,18,39,41,44,51
1875,2016-11-10,01,45,47,52,53,55
1874,2016-11-08,10,28,37,43,44,47
1873,2016-11-05,05,25,28,41,53,54
1872,2016-11-03,11,13,25,39,46,56
1871,2016-10-29,03,11,17,33,52,58
1870,2016-10-26,18,20,30,32,33,40
1869,2016-10-22,11,23,24,26,40,52
1868,2016-10-20,01,05,23,25,28,31
1867,2016-10-18,03,10,17,21,22,43
1866,2016-10-15,14,17,36,38,44,60
1865,2016-10-13,01,05,31,32,37,42
1864,2016-10-08,04,05,14,37,40,60
1863,2016-10-05,16,23,45,56,58,59
1862,2016-10-01,02,08,35,42,49,56
1861,2016-09-28,02,04,09,35,45,60
1860,2016-09-24,10,30,36,40,44,60
1859,2016-09-22,01,13,14,21,26,51
1858,2016-09-20,22,28,30,33,55,59
1857,2016-09-17,13,23,25,35,52,53
1856,2016-09-14,02,09,14,22,32,37
1855,2016-09-10,06,10,15,24,38,39
1854,2016-09-08,25,30,31,34,43,59
1853,2016-09-03,01,02,34,39,41,45
1852,2016-08-31,13,17,29,45,49,50
1851,2016-08-27,08,18,21,22,35,37
1850,2016-08-24,23,24,32,38,40,41
1849,2016-08-20,03,05,11,27,35,44
1848,2016-08-17,09,40,41,50,55,58
1847,2016-08-13,01,06,45,49,50,57
1846,2016-08-11,06,24,26,30,34,49
1845,2016-08-09,03,09,13,29,30,51
1844,2016-08-06,03,04,37,39,48,50
1843,2016-08-03,08,26,28,33,41,54
1842,2016-07-30,16,18,22,24,34,43
1841,2016-07-27,03,06,13,38,49,51
1840,2016-07-23,15,17,33,41,47,48
1839,2016-07-20,07,22,28,32,56,58
1838,2016-07-16,05,08,24,30,57,59
1837,2016-07-14,41,44,48,50,54,57
1836,2016-07-12,08,15,18,45,59,60
1835,2016-07-09,08,28,36,47,50,58
1834,2016-07-06,02,17,22,24,48,51
1833,2016-07-02,02,03,07,16,27,42
1832,2016-06-29,14,34,46,47,56,57
1831,2016-06-25,15,27,28,32,48,55
1830,2016-06-22,03,07,29,37,54,60
1829,2016-06-18,07,13,24,30,32,53
1828,2016-06-15,06,11,32,40,48,59
1827,2016-06-11,26,33,42,43,53,54
1826,2016-06-09,17,19,32,43,48,51
1825,2016-06-07,10,11,21,50,51,54
1824,2016-06-04,05,06,12,19,30,60
1823,2016-06-01,04,09,21,34,54,59
1822,2016-05-28,01,22,26,43,50,53
1821,2016-05-25,19,22,31,36,52,53
1820,2016-05-21,03,19,23,27,40,45
1819,2016-05-18,17,18,26,30,33,37
1818,2016-05-14,02,06,10,15,53,56
1817,2016-05-11,01,04,26,39,47,55
1816,2016-05-07,05,10,12,22,28,46
1815,2016-05-05,08,11,25,39,41,60
1814,2016-05-03,09,11,27,46,51,53
1813,2016-04-30,09,11,13,15,19,51
1812,2016-04-27,20,23,32,34,37,45
1811,2016-04-23,05,17,32,35,37,57
1810,2016-04-20,01,10,25,43,50,56
1809,2016-04-16,09,12,23,24,46,54
1808,2016-04-13,02,14,20,25,41,45
1807,2016-04-09,01,15,16,22,25,43
1806,2016-04-06,11,20,35,42,55,58
1805,2016-04-02,17,22,27,31,49,57
1804,2016-03-30,20,21,28,48,50,59
1803,2016-03-26,04,08,29,38,49,50
1802,2016-03-23,02,06,13,14,17,44
1801,2016-03-19,06,19,34,43,45,54
1800,2016-03-16,06,11,16,19,31,56
1799,2016-03-12,01,03,04,39,51,53
1798,2016-03-10,02,09,23,28,45,53
1797,2016-03-08,02,13,14,35,54,57
1796,2016-03-05,22,23,34,48,53,54
1795,2016-03-02,30,42,47,50,55,58
1794,2016-02-27,01,05,34,37,40,60
1793,2016-02-24,13,14,22,54,56,58
1792,2016-02-20,02,16,17,18,41,47
1791,2016-02-17,12,18,46,50,53,55
1790,2016-02-13,11,13,26,27,28,50
1789,2016-02-10,06,25,43,57,58,59
1788,2016-02-06,03,13,42,45,56,59
1787,2016-02-04,01,05,13,25,26,29
1786,2016-02-02,02,06,08,21,25,34
1785,2016-01-30,05,11,27,41,42,54
1784,2016-01-27,04,15,26,30,54,55
1783,2016-01-23,04,06,16,18,21,38
1782,2016-01-20,06,18,34,47,52,57
1781,2016-01-16,01,08,22,49,52,53
1780,2016-01-14,06,20,22,31,33,34
1779,2016-01-12,12,25,30,39,56,57
1778,2016-01-09,04,10,38,40,45,48
1777,2016-01-06,04,19,38,44,52,55
1776,2016-01-02,10,11,14,19,39,48
1775,2015-12-31,02,18,31,42,51,56
1774,2015-12-26,01,12,20,30,52,60
1773,2015-12-24,15,30,39,41,45,59
1772,2015-12-22,12,19,27,39,41,45
1771,2015-12-19,02,20,27,28,32,38
1770,2015-12-16,11,26,27,30,34,41
1769,2015-12-12,32,37,44,47,54,60
1768,2015-12-09,05,07,11,34,35,50
1767,2015-12-05,16,26,35,39,44,45
1766,2015-12-02,22,23,41,46,53,60
1765,2015-11-28,01,06,28,37,56,58
1764,2015-11-25,06,07,29,39,41,55
1763,2015-11-21,09,12,15,21,31,36
1762,2015-11-18,26,32,42,45,55,59
1761,2015-11-14,09,10,36,50,53,55
1760,2015-11-13,10,24,25,36,47,48
1759,2015-11-10,02,14,21,22,51,60
1758,2015-11-07,06,11,16,23,36,42
1757,2015-11-04,13,25,28,37,43,56
1756,2015-10-31,06,13,14,28,35,45
1755,2015-10-28,02,05,08,18,30,48
1754,2015-10-24,20,27,30,31,40,53
1753,2015-10-21,08,15,29,35,45,54
1752,2015-10-17,09,36,37,53,55,60
1751,2015-10-15,15,22,23,42,51,57
1750,2015-10-13,15,17,20,31,41,48
1749,2015-10-10,03,13,14,29,33,43
1748,2015-10-07,02,10,13,41,49,53
1747,2015-10-03,06,33,34,48,53,59
1746,2015-09-30,06,18,37,40,41,58
1745,2015-09-26,09,13,18,47,52,60
1744,2015-09-23,09,12,14,29,42,56
1743,2015-09-19,04,10,29,31,34,35
1742,2015-09-16,11,19,21,23,27,52
1741,2015-09-12,15,18,20,32,48,49
1740,2015-09-09,10,15,25,38,47,53
1739,2015-09-05,09,10,17,32,34,46
1738,2015-09-02,12,28,37,46,48,53
1737,2015-08-29,05,08,42,50,51,59
1736,2015-08-26,12,13,24,29,32,41
1735,2015-08-22,06,16,33,34,45,46
1734,2015-08-19,12,17,25,29,41,52
1733,2015-08-15,03,05,09,14,41,46
1732,2015-08-12,25,34,38,45,53,60
1731,2015-08-08,05,18,27,43,49,59
1730,2015-08-06,01,10,17,24,42,51
1729,2015-08-04,07,14,23,43,44,53
1728,2015-08-01,03,08,28,39,42,59
1727,2015-07-29,04,06,19,20,40,41
1726,2015-07-25,03,10,42,49,54,57
1725,2015-07-22,16,18,26,30,31,34
1724,2015-07-18,27,33,37,39,58,60
1723,2015-07-15,14,27,30,46,52,60
1722,2015-07-11,09,23,39,41,49,58
1721,2015-07-09,04,12,19,33,36,38
1720,2015-07-07,18,23,31,39,49,57
1719,2015-07-04,01,22,31,34,44,54
1718,2015-07-01,04,30,31,32,47,53
1717,2015-06-27,02,09,16,37,44,58
1716,2015-06-24,02,25,36,41,42,53
1715,2015-06-20,16,20,35,40,53,60
1714,2015-06-17,02,08,24,36,51,52
1713,2015-06-13,03,10,16,23,27,29
1712,2015-06-10,02,12,19,29,50,59
1711,2015-06-06,22,26,38,39,45,50
1710,2015-06-03,07,21,28,56,58,59
1709,2015-05-30,07,19,30,35,42,47
1708,2015-05-27,17,29,32,38,45,50
1707,2015-05-23,07,16,20,27,36,52
1706,2015-05-20,12,31,34,36,48,56
1705,2015-05-16,25,27,29,37,50,51
1704,2015-05-13,01,07,11,32,51,59
1703,2015-05-09,03,23,26,35,39,49
1702,2015-05-07,17,19,33,35,39,52
1701,2015-05-05,03,09,18,32,40,56
1700,2015-05-02,15,18,41,48,50,58
1699,2015-04-29,01,06,10,30,33,38
1698,2015-04-25,11,13,24,28,44,45
1697,2015-04-22,08,23,30,51,53,58
1696,2015-04-18,01,12,17,31,37,46
1695,2015-04-15,24,36,38,43,44,58
1694,2015-04-11,20,29,34,37,45,57
1693,2015-04-08,05,15,18,19,21,38
1692,2015-04-04,11,13,14,27,44,56
1691,2015-04-01,01,10,24,39,45,58
1690,2015-03-28,21,24,26,35,45,53
1689,2015-03-25,02,05,13,27,41,53
1688,2015-03-21,18,23,30,32,42,56
1687,2015-03-18,15,24,37,46,49,58
1686,2015-03-14,09,14,37,44,46,55
1685,2015-03-11,03,18,31,39,46,51
1684,2015-03-07,09,12,18,31,39,50
1683,2015-03-04,04,12,32,33,34,48
1682,2015-02-28,07,13,35,37,39,51
1681,2015-02-25,01,06,08,11,33,50
1680,2015-02-21,23,37,38,46,47,51
1679,2015-02-18,01,02,27,28,46,47
1678,2015-02-14,09,11,17,19,35,52
1677,2015-02-11,10,15,28,33,51,52
1676,2015-02-07,01,02,11,37,48,51
1675,2015-02-04,03,18,34,35,36,56
1674,2015-01-31,22,30,42,50,58,59
1673,2015-01-28,05,10,23,24,35,47
1672,2015-01-24,01,03,05,10,20,42
1671,2015-01-21,21,27,31,45,55,56
1670,2015-01-17,01,17,19,30,33,47
1669,2015-01-14,28,29,31,45,48,49
1668,2015-01-10,05,40,47,52,55,57
1667,2015-01-07,07,12,24,44,51,56
1666,2015-01-03,01,02,23,27,45,51
1665,2014-12-31,01,05,11,16,20,56
1664,2014-12-24,08,21,23,29,36,48
1663,2014-12-20,18,20,27,40,49,55
1662,2014-12-17,10,14,25,29,33,57
1661,2014-12-13,13,16,27,43,48,58
1660,2014-12-10,08,17,34,38,42,51
1659,2014-12-06,04,10,20,33,37,49
1658,2014-12-03,07,11,19,23,40,49
1657,2014-11-29,07,10,14,37,45,54
1656,2014-11-26,04,06,11,43,54,56
1655,2014-11-22,07,24,28,46,53,56
1654,2014-11-19,07,16,33,42,50,58
1653,2014-11-14,01,21,22,27,32,45
1652,2014-11-12,07,24,26,28,44,57
1651,2014-11-08,08,27,35,38,41,44
1650,2014-11-05,17,23,29,38,57,60
1649,2014-11-01,24,33,38,42,44,54
1648,2014-10-29,15,16,18,20,22,48
1647,2014-10-25,12,17,23,38,53,54
1646,2014-10-22,19,23,34,40,41,58
1645,2014-10-18,08,18,21,31,37,38
1644,2014-10-15,10,13,16,22,34,60
1643,2014-10-11,16,19,20,28,37,60
1642,2014-10-08,03,23,42,43,47,60
1641,2014-10-04,23,29,30,33,46,51
1640,2014-10-01,02,06,18,23,31,46
1639,2014-09-27,16,29,34,35,49,51
1638,2014-09-24,01,02,38,41,42,58
1637,2014-09-20,01,05,24,47,55,56
1636,2014-09-17,19,26,33,35,51,52
1635,2014-09-13,08,23,28,30,32,51
1634,2014-09-10,09,10,23,33,44,51
1633,2014-09-06,01,02,11,13,36,49
1632,2014-09-03,06,18,24,27,56,59
1631,2014-08-30,04,29,44,47,48,60
1630,2014-08-27,01,07,30,43,44,54
1629,2014-08-23,04,20,24,35,47,59
1628,2014-08-20,26,29,34,38,50,60
1627,2014-08-16,20,26,32,41,45,57
1626,2014-08-13,03,05,14,35,43,52
1625,2014-08-09,11,22,36,40,45,52
1624,2014-08-07,02,27,32,41,47,58
1623,2014-08-05,33,43,49,50,56,59
1622,2014-08-02,04,05,07,21,45,53
1621,2014-07-30,10,22,24,38,39,49
1620,2014-07-26,13,23,27,34,38,57
1619,2014-07-23,05,08,17,42,46,47
1618,2014-07-19,09,20,24,43,51,52
1617,2014-07-16,03,23,26,31,47,54
1616,2014-07-12,28,31,40,42,46,58
1615,2014-07-09,05,20,26,31,33,44
1614,2014-07-05,14,17,21,27,43,49
1613,2014-07-02,04,18,31,44,46,49
1612,2014-06-28,06,13,17,36,42,51
1611,2014-06-25,24,28,47,50,51,58
1610,2014-06-21,01,04,09,35,36,53
1609,2014-06-18,02,06,13,26,53,60
1608,2014-06-14,05,06,17,43,54,59
1607,2014-06-11,07,31,32,41,51,52
1606,2014-06-07,01,15,37,42,46,54
1605,2014-06-04,09,19,21,30,31,42
1604,2014-05-31,02,21,24,27,40,51
1603,2014-05-28,13,20,27,31,53,60
1602,2014-05-24,08,12,22,35,40,44
1601,2014-05-21,08,10,24,45,56,60
1600,2014-05-17,09,23,32,35,46,57
1599,2014-05-14,03,10,15,35,36,58
1598,2014-05-10,29,31,36,42,47,53
1597,2014-05-07,05,10,16,44,50,52
1596,2014-05-03,01,05,07,10,12,45
1595,2014-04-30,02,05,08,42,46,59
1594,2014-04-26,06,07,08,23,43,53
1593,2014-04-23,04,09,17,18,21,38
1592,2014-04-19,31,36,38,41,42,49
1591,2014-04-16,04,10,23,33,38,55
1590,2014-04-12,07,20,34,40,44,55
1589,2014-04-09,04,05,11,19,41,51
1588,2014-04-05,23,29,32,36,45,49
1587,2014-04-02,08,19,21,30,52,56
1586,2014-03-29,08,39,43,46,47,58
1585,2014-03-26,02,43,47,48,49,55
1584,2014-03-22,03,22,27,28,50,54
1583,2014-03-19,02,09,17,18,45,47
1582,2014-03-15,01,04,13,17,38,48
1581,2014-03-12,14,15,25,30,31,34
1580,2014-03-08,01,06,14,17,33,36
1579,2014-03-05,25,34,40,49,51,60
1578,2014-03-01,03,06,30,37,53,56
1577,2014-02-26,11,14,25,32,51,59
1576,2014-02-22,13,15,21,26,30,46
1575,2014-02-19,01,04,05,14,45,56
1574,2014-02-15,06,27,28,33,46,48
1573,2014-02-12,07,16,21,35,36,38
1572,2014-02-08,20,27,42,45,46,47
1571,2014-02-05,03,29,32,46,55,60
1570,2014-02-01,15,18,24,42,46,56
1569,2014-01-29,05,15,18,31,42,53
1568,2014-01-25,19,24,25,28,42,58
1567,2014-01-22,02,15,30,38,48,53
1566,2014-01-18,05,06,11,32,36,60
1565,2014-01-15,18,37,39,41,43,51
1564,2014-01-11,25,38,44,46,53,54
1563,2014-01-09,01,06,13,20,36,43
1562,2014-01-04,10,12,23,37,47,51
1561,2014-01-02,23,26,28,54,55,60
1560,2013-12-31,20,30,36,38,47,53
1559,2013-12-21,08,12,16,29,37,58
1558,2013-12-19,07,15,17,31,42,54
1557,2013-12-17,04,16,18,31,45,46
1556,2013-12-14,01,04,07,10,11,52
1555,2013-12-11,02,05,23,33,52,59
1554,2013-12-07,30,32,49,50,52,53
1553,2013-12-04,20,21,22,29,46,60
1552,2013-11-30,07,18,24,26,39,46
1551,2013-11-27,02,15,19,21,23,38
1550,2013-11-23,09,13,21,27,36,56
1549,2013-11-20,10,12,16,20,32,53
1548,2013-11-16,19,41,42,44,47,54
1547,2013-11-13,02,09,10,18,21,28
1546,2013-11-09,04,17,38,44,53,60
1545,2013-11-06,04,06,11,24,45,48
1544,2013-11-01,02,21,30,35,45,50
1543,2013-10-30,07,15,20,23,30,41
1542,2013-10-26,07,11,12,30,39,57
1541,2013-10-23,05,24,37,44,49,58
1540,2013-10-19,03,17,27,32,47,54
1539,2013-10-16,08,10,20,26,49,58
1538,2013-10-11,23,27,35,52,53,57
1537,2013-10-09,06,10,33,50,51,56
1842,2016-07-30,16,18,22,24,34,43
1841,2016-07-27,03,06,13,38,49,51
1840,2016-07-23,15,17,33,41,47,48
1839,2016-07-20,07,22,28,32,56,58
1838,2016-07-16,05,08,24,30,57,59
1837,2016-07-14,41,44,48,50,54,57
1836,2016-07-12,08,15,18,45,59,60
1835,2016-07-09,08,28,36,47,50,58
1834,2016-07-06,02,17,22,24,48,51
1833,2016-07-02,02,03,07,16,27,42
1832,2016-06-29,14,34,46,47,56,57
1831,2016-06-25,15,27,28,32,48,55
1830,2016-06-22,03,07,29,37,54,60
1829,2016-06-18,07,13,24,30,32,53
1828,2016-06-15,06,11,32,40,48,59
1827,2016-06-11,26,33,42,43,53,54
1826,2016-06-09,17,19,32,43,48,51
1825,2016-06-07,10,11,21,50,51,54
1824,2016-06-04,05,06,12,19,30,60
1823,2016-06-01,04,09,21,34,54,59
1822,2016-05-28,01,22,26,43,50,53
1821,2016-05-25,19,22,31,36,52,53
1820,2016-05-21,03,19,23,27,40,45
1819,2016-05-18,17,18,26,30,33,37
1818,2016-05-14,02,06,10,15,53,56
1817,2016-05-11,01,04,26,39,47,55
1816,2016-05-07,05,10,12,22,28,46
1815,2016-05-05,08,11,25,39,41,60
1814,2016-05-03,09,11,27,46,51,53
1813,2016-04-30,09,11,13,15,19,51
1812,2016-04-27,20,23,32,34,37,45
1811,2016-04-23,05,17,32,35,37,57
1810,2016-04-20,01,10,25,43,50,56
1809,2016-04-16,09,12,23,24,46,54
1808,2016-04-13,02,14,20,25,41,45
1807,2016-04-09,01,15,16,22,25,43
1806,2016-04-06,11,20,35,42,55,58
1805,2016-04-02,17,22,27,31,49,57
1804,2016-03-30,20,21,28,48,50,59
1803,2016-03-26,04,08,29,38,49,50
1802,2016-03-23,02,06,13,14,17,44
1801,2016-03-19,06,19,34,43,45,54
1800,2016-03-16,06,11,16,19,31,56
1799,2016-03-12,01,03,04,39,51,53
1798,2016-03-10,02,09,23,28,45,53
1797,2016-03-08,02,13,14,35,54,57
1796,2016-03-05,22,23,34,48,53,54
1795,2016-03-02,30,42,47,50,55,58
1794,2016-02-27,01,05,34,37,40,60
1793,2016-02-24,13,14,22,54,56,58
1792,2016-02-20,02,16,17,18,41,47
1791,2016-02-17,12,18,46,50,53,55
1790,2016-02-13,11,13,26,27,28,50
1789,2016-02-10,06,25,43,57,58,59
1788,2016-02-06,03,13,42,45,56,59
1787,2016-02-04,01,05,13,25,26,29
1786,2016-02-02,02,06,08,21,25,34
1785,2016-01-30,05,11,27,41,42,54
1784,2016-01-27,04,15,26,30,54,55
1783,2016-01-23,04,06,16,18,21,38
1782,2016-01-20,06,18,34,47,52,57
1781,2016-01-16,01,08,22,49,52,53
1780,2016-01-14,06,20,22,31,33,34
1779,2016-01-12,12,25,30,39,56,57
1778,2016-01-09,04,10,38,40,45,48
1777,2016-01-06,04,19,38,44,52,55
1776,2016-01-02,10,11,14,19,39,48
1774,2015-12-26,01,12,20,30,52,60
1773,2015-12-24,15,30,39,41,45,59
1772,2015-12-22,12,19,27,39,41,45
1771,2015-12-19,02,20,27,28,32,38
1770,2015-12-16,11,26,27,30,34,41
1769,2015-12-12,32,37,44,47,54,60
1768,2015-12-09,05,07,11,34,35,50
1767,2015-12-05,16,26,35,39,44,45
1766,2015-12-02,22,23,41,46,53,60
1765,2015-11-28,01,06,28,37,56,58
1762,2015-11-18,26,32,42,45,55,59
1761,2015-11-14,09,10,36,50,53,55
1760,2015-11-13,10,24,25,36,47,48
1759,2015-11-10,02,14,21,22,51,60
1758,2015-11-07,06,11,16,23,36,42
1757,2015-11-04,13,25,28,37,43,56
1756,2015-10-31,06,13,14,28,35,45
1755,2015-10-28,02,05,08,18,30,48
1754,2015-10-4,20,27,30,31,40,53
1753,2015-10-21,08,15,29,35,45,54
1752,2015-10-17,09,36,37,53,55,60
1751,2015-10-15,15,22,23,42,51,57
1750,2015-10-13,15,17,20,31,41,48
1749,2015-10-10,03,13,14,29,33,43
1748,2015-10-07,02,10,13,41,49,53
1747,2015-10-03,06,33,34,48,53,59
1746,2015-09-30,06,18,37,40,41,58
1745,2015-09-26,09,13,18,47,52,60
1744,2015-09-23,09,12,14,29,42,56
1743,2015-09-19,04,10,29,31,34,35
1742,2015-09-16,11,19,21,23,27,52
1740,2015-09-09,10,15,25,38,47,53
1739,2015-09-05,09,10,17,32,34,46
1737,2015-08-29,05,08,42,50,51,59
1736,2015-08-26,12,13,24,29,32,41
1735,2015-08-22,06,16,33,34,45,46
1734,2015-08-19,12,17,25,29,41,52
1733,2015-08-15,03,05,09,14,41,46
1732,2015-08-12,25,34,38,45,53,60
1731,2015-08-08,05,18,27,43,49,59
1730,2015-08-06,01,10,17,24,42,51
1729,2015-08-04,07,14,23,43,44,53
1728,2015-08-01,03,08,28,39,42,59
1727,2015-07-29,04,06,19,20,40,41
1726,2015-07-25,03,10,42,49,54,57
1725,2015-07-22,16,18,26,30,31,34
1724,2015-07-18,27,33,37,39,58,60
1723,2015-07-15,14,27,30,46,52,60
1722,2015-07-11,09,23,39,41,49,58
1721,2015-07-09,04,12,19,33,36,38
1720,2015-07-07,18,23,31,39,49,57
1719,2015-07-04,01,22,31,34,44,54
1718,2015-07-01,04,30,31,32,47,53
1717,2015-06-27,02,09,16,37,44,58
1716,2015-06-24,02,25,36,41,42,53
1715,2015-06-20,16,20,35,40,53,60
1714,2015-06-17,02,08,24,36,51,52
1713,2015-06-13,03,10,16,23,27,29
1712,2015-06-10,02,12,19,29,50,59
1711,2015-06-06,22,26,38,39,45,50
1710,2015-06-03,07,21,28,56,58,59
1709,2015-05-30,07,19,30,35,42,47
1708,2015-05-27,17,29,32,38,45,50
1707,2015-05-23,07,16,20,27,36,52
1706,2015-05-20,12,31,34,36,48,56
1705,2015-05-16,25,27,29,37,50,51
1704,2015-05-13,01,07,11,32,51,59
1703,2015-05-09,03,23,26,35,39,49
1702,2015-05-07,17,19,33,35,39,52
1701,2015-05-05,03,09,18,32,40,56
1700,2015-05-02,15,18,41,48,50,58
1699,2015-04-29,01,06,10,30,33,38
1698,2015-04-25,11,13,24,28,44,45
1697,2015-04-22,08,23,30,51,53,58
1696,2015-04-18,01,12,17,31,37,46
1695,2015-04-15,24,36,38,43,44,58
1694,2015-04-11,20,29,34,37,45,57
1693,2015-04-08,05,15,18,19,21,38
1692,2015-04-04,11,13,14,27,44,56
1691,2015-04-01,01,10,24,39,45,58
1690,2015-03-28,21,24,26,35,45,53
1689,2015-03-25,02,05,13,27,41,53
1688,2015-03-21,18,23,30,32,42,56
1687,2015-03-18,15,24,37,46,49,58
1686,2015-03-14,09,14,37,44,46,55
1685,2015-03-11,03,18,31,39,46,51
1684,2015-03-07,09,12,18,31,39,50
1683,2015-03-04,04,12,32,33,34,48
1682,2015-02-28,07,13,35,37,39,51
1681,2015-02-25,01,06,08,11,33,50
1680,2015-02-21,23,37,38,46,47,51
1679,2015-02-18,01,02,27,28,46,47
1678,2015-02-14,09,11,17,19,35,52
1677,2015-02-11,10,15,28,33,51,52
1677,2015-02-11,10,15,28,33,51,52
1676,2015-02-07,01,02,11,37,48,51
1675,2015-02-04,03,18,34,35,36,56
1670,2015-01-17,01,17,19,30,33,47
1669,2015-01-14,28,29,31,45,48,49
1668,2015-01-10,05,40,47,52,55,57
1664,2014-12-24,08,21,23,29,36,48
1663,2014-12-20,18,20,27,40,49,55
1662,2014-12-17,10,14,25,29,33,57
1661,2014-12-13,13,16,27,43,48,58
1660,2014-12-10,08,17,34,38,42,51
1658,2014-12-03,07,11,19,23,40,49
1657,2014-11-29,07,10,14,37,45,54
1656,2014-11-26,04,06,11,43,54,56
1655,2014-11-22,07,24,28,46,53,56
1654,2014-11-19,07,16,33,42,50,58
1653,2014-11-14,01,21,22,27,32,45
1652,2014-11-12,07,24,26,28,44,57
1651,2014-11-08,08,27,35,38,41,44
1650,2014-11-05,17,23,29,38,57,60
1649,2014-11-01,24,33,38,42,44,54
1648,2014-10-29,15,16,18,20,22,48
1647,2014-10-25,12,17,23,38,53,54
1646,2014-10-22,19,23,34,40,41,58
1645,2014-10-18,08,18,21,31,37,38
1644,2014-10-15,10,13,16,22,34,60
1643,2014-10-11,16,19,20,28,37,60
1642,2014-10-08,03,23,42,43,47,60
1641,2014-10-04,23,29,30,33,46,51
1640,2014-10-01,02,06,18,23,31,46
1639,2014-09-27,16,29,34,35,49,51
1638,2014-09-24,01,02,38,41,42,58
1637,2014-09-20,01,05,24,47,55,56
1636,2014-09-17,19,26,33,35,51,52
1635,2014-09-13,08,23,28,30,32,51
1634,2014-09-10,09,10,23,33,44,51
1633,2014-09-06,01,02,11,13,36,49
1632,2014-09-03,06,18,24,27,56,59
1631,2014-08-30,04,29,44,47,48,60
1630,2014-08-27,01,07,30,43,44,54
1629,2014-08-23,04,20,24,35,47,59
1628,2014-08-20,26,29,34,38,50,60
1627,2014-08-16,20,26,32,41,45,57
1626,2014-08-13,03,05,14,35,43,52
1625,2014-08-09,11,22,36,40,45,52
1624,2014-08-07,02,27,32,41,47,58
1623,2014-08-05,33,43,49,50,56,59
1622,2014-08-02,04,05,07,21,45,53
1621,2014-07-30,10,22,24,38,39,49
1620,2014-07-26,13,23,27,34,38,57
1619,2014-07-23,05,08,17,42,46,47
1618,2014-07-19,09,20,24,43,51,52
1617,2014-07-16,03,23,26,31,47,54
1616,2014-07-12,28,31,40,42,46,58
1615,2014-07-09,05,20,26,31,33,44
1614,2014-07-05,14,17,21,27,43,49
1613,2014-07-02,04,18,31,44,46,49
1612,2014-06-28,06,13,17,36,42,51
1611,2014-06-25,24,28,47,50,51,58
1610,2014-06-21,01,04,09,35,36,53
1609,2014-06-18,02,06,13,26,53,60
1608,2014-06-14,05,06,17,43,54,59
1607,2014-06-11,07,31,32,41,51,52
1606,2014-06-07,01,15,37,42,46,54
1605,2014-06-04,09,19,21,30,31,42
1604,2014-05-31,02,21,24,27,40,51
1603,2014-05-28,13,20,27,31,53,60
1602,2014-05-24,08,12,22,35,40,44
1601,2014-05-21,08,10,24,45,56,60
1600,2014-05-17,09,23,32,35,46,57
1599,2014-05-14,03,10,15,35,36,58
1598,2014-05-10,29,31,36,42,47,53
1597,2014-05-07,05,10,16,44,50,52
1596,2014-05-03,01,05,07,10,12,45
1595,2014-04-30,02,05,08,42,46,59
1594,2014-04-26,06,07,08,23,43,53
1593,2014-04-23,04,09,17,18,21,38
1592,2014-04-19,31,36,38,41,42,49
1591,2014-04-16,04,10,23,33,38,55
1590,2014-04-12,07,20,34,40,44,55
1589,2014-04-09,04,05,11,19,41,51
1588,2014-04-05,23,29,32,36,45,49
1587,2014-04-02,08,19,21,30,52,56
1586,2014-03-29,08,39,43,46,47,58
1585,2014-03-26,02,43,47,48,49,55
1584,2014-03-22,03,22,27,28,50,54
1583,2014-03-19,02,09,17,18,45,47
1582,2014-03-15,01,04,13,17,38,48
1581,2014-03-12,14,15,25,30,31,34
1580,2014-03-08,01,06,14,17,33,36
1579,2014-03-05,25,34,40,49,51,60
1578,2014-03-01,03,06,30,37,53,56
1577,2014-02-26,11,14,25,32,51,59
1576,2014-02-22,13,15,21,26,30,46
1575,2014-02-19,01,04,05,14,45,56
1574,2014-02-15,06,27,28,33,46,48
1573,2014-02-12,07,16,21,35,36,38
1572,2014-02-08,20,27,42,45,46,47
1571,2014-02-05,03,29,32,46,55,60
1570,2014-02-01,15,18,24,42,46,56
1569,2014-01-29,05,15,18,31,42,53
1568,2014-01-25,19,24,25,28,42,58
1567,2014-01-22,02,15,30,38,48,53
1565,2014-01-15,18,37,39,41,43,51
1564,2014-01-11,25,38,44,46,53,54
1563,2014-01-09,01,06,13,20,36,43
1562,2014-01-04,10,12,23,37,47,51
1561,2014-01-02,23,26,28,54,55,60
1559,2013-12-21,08,12,16,29,37,58
1558,2013-12-19,07,15,17,31,42,54
1557,2013-12-17,04,16,18,31,45,46
1556,2013-12-14,01,04,07,10,11,52
1555,2013-12-11,02,05,23,33,52,59
1554,2013-12-07,30,32,49,50,52,53
1553,2013-12-04,20,21,22,29,46,60
1552,2013-11-30,07,18,24,26,39,46
1551,2013-11-27,02,15,19,21,23,38
1550,2013-11-23,09,13,21,27,36,56
1549,2013-11-20,10,12,16,20,32,53
1548,2013-11-16,19,41,42,44,47,54
1547,2013-11-13,02,09,10,18,21,28
1546,2013-11-09,04,17,38,44,53,60
1545,2013-11-06,04,06,11,24,45,48
1544,2013-11-01,02,21,30,35,45,50
1543,2013-10-30,07,15,20,23,30,41
1542,2013-10-26,07,11,12,30,39,57
1541,2013-10-23,05,24,37,44,49,58
1540,2013-10-19,03,17,27,32,47,54
1539,2013-10-16,08,10,20,26,49,58
1538,2013-10-11,23,27,35,52,53,57
1537,2013-10-09,06,10,33,50,51,56
1536,2013-10-05,13,18,29,32,50,58
1535,2013-10-02,08,09,25,41,54,55
1534,2013-09-28,01,12,28,29,34,48
1533,2013-09-25,13,21,29,34,47,57
1532,2013-09-21,02,11,23,31,42,44
1531,2013-09-18,12,13,24,41,42,44
1530,2013-09-14,10,16,28,33,48,53
1529,2013-09-11,11,15,17,34,35,49
1528,2013-09-06,04,13,15,19,36,58
1527,2013-09-04,16,32,36,42,44,48
1526,2013-08-31,10,16,28,47,51,59
1525,2013-08-28,02,26,30,35,46,54
1524,2013-08-24,02,12,40,46,52,53
1523,2013-08-21,22,25,31,39,41,44
1522,2013-08-17,05,08,23,32,33,56
1521,2013-08-14,11,14,18,30,33,39
1520,2013-08-10,07,31,35,36,46,48
1519,2013-08-08,05,06,15,23,56,59
1518,2013-08-06,08,09,28,41,48,55
1517,2013-08-03,07,17,38,45,52,56
1516,2013-07-31,04,18,20,34,45,60
1515,2013-07-27,04,13,14,18,49,59
1514,2013-07-24,16,17,23,42,59,60
1513,2013-07-20,17,28,31,56,57,58
1512,2013-07-17,11,28,35,42,46,58
1511,2013-07-13,04,08,17,29,31,45
1510,2013-07-10,01,08,17,44,46,53
1509,2013-07-06,01,06,27,46,51,59
1508,2013-07-03,17,18,30,35,39,58
1507,2013-06-29,24,46,50,51,52,56
1506,2013-06-26,03,14,18,34,42,49
1505,2013-06-22,01,02,06,09,16,32
1504,2013-06-19,02,10,12,30,41,42
1503,2013-06-15,03,04,16,22,36,42
1502,2013-06-12,06,22,43,51,52,57
1501,2013-06-08,01,07,13,29,37,54
1500,2013-06-05,10,18,31,43,57,59
1499,2013-06-01,08,22,26,33,37,54
1498,2013-05-29,06,11,27,40,46,49
1497,2013-05-25,04,05,07,27,45,58
1496,2013-05-22,14,18,28,41,47,54
1495,2013-05-18,04,13,14,44,49,57
1494,2013-05-15,02,14,24,28,35,50
1493,2013-05-11,07,12,24,27,30,49
1492,2013-05-08,04,09,18,44,46,48
1491,2013-05-04,06,26,45,50,56,60
1490,2013-05-02,01,03,31,32,43,52
1489,2013-04-27,01,15,24,26,28,48
1488,2013-04-24,04,22,25,38,45,51
1487,2013-04-20,04,09,17,23,28,53
1486,2013-04-17,01,06,10,34,40,54
1485,2013-04-13,04,27,30,36,54,59
1484,2013-04-10,17,20,24,29,49,53
1483,2013-04-06,01,35,39,53,55,56
1482,2013-04-03,06,09,11,34,41,53
1481,2013-03-30,17,27,28,40,44,55
1480,2013-03-27,09,14,21,26,36,52
1479,2013-03-23,21,48,50,54,57,60
1478,2013-03-20,10,27,37,40,47,55
1477,2013-03-16,03,04,46,50,56,59
1476,2013-03-13,04,10,26,37,47,57
1475,2013-03-09,12,13,37,44,48,51
1474,2013-03-06,01,02,03,11,28,43
1473,2013-03-02,02,12,33,57,58,60
1472,2013-02-27,12,18,23,25,45,50
1471,2013-02-23,10,25,33,36,40,58
1470,2013-02-20,02,34,36,38,51,55
1469,2013-02-16,04,13,35,54,56,58
1468,2013-02-13,01,02,10,19,20,37
1467,2013-02-09,23,24,26,41,52,53
1466,2013-02-06,04,06,13,34,37,51
1465,2013-02-02,06,11,16,26,44,53
1464,2013-01-30,02,24,32,50,54,59
1463,2013-01-26,13,22,28,29,40,48
1462,2013-01-23,05,09,25,27,38,40
1461,2013-01-19,31,36,44,47,49,54
1460,2013-01-16,04,14,27,38,50,52
1459,2013-01-12,02,06,30,34,35,52
1458,2013-01-09,02,04,16,33,44,51
1457,2013-01-05,15,16,34,42,46,59
1456,2013-01-02,06,08,14,26,36,40
1455,2012-12-31,14,32,33,36,41,52
1454,2012-12-22,04,27,29,41,48,52
1453,2012-12-20,06,13,25,32,47,57
1452,2012-12-18,02,14,28,50,57,58
1451,2012-12-15,02,10,11,33,52,57
1450,2012-12-12,26,27,31,38,44,45
1449,2012-12-08,02,06,18,30,52,56
1448,2012-12-05,01,25,29,36,56,60
1447,2012-12-01,01,19,28,33,39,41
1446,2012-11-28,06,13,24,32,40,51
1445,2012-11-24,05,19,32,41,49,58
1444,2012-11-21,02,05,27,28,48,55
1443,2012-11-17,12,20,32,48,52,54
1442,2012-11-14,12,13,20,30,34,49
1441,2012-11-10,17,29,36,38,53,56
1440,2012-11-07,02,06,28,36,51,56
1439,2012-11-03,02,34,35,42,43,55
1438,2012-10-31,07,14,31,33,36,49
1437,2012-10-27,22,23,26,37,38,48
1436,2012-10-24,01,13,23,24,30,57
1435,2012-10-20,04,15,45,47,50,52
1434,2012-10-17,03,18,22,34,55,58
1433,2012-10-13,04,13,14,40,46,52
1432,2012-10-10,16,24,25,42,45,59
1431,2012-10-06,05,09,13,33,40,54
1430,2012-10-03,02,19,22,30,46,52
1429,2012-09-29,09,12,22,39,48,60
1428,2012-09-26,07,15,19,34,37,55
1427,2012-09-22,08,39,44,47,53,56
1426,2012-09-19,06,15,18,24,30,44
1425,2012-09-15,07,16,29,36,38,50
1424,2012-09-12,03,07,15,29,38,60
1423,2012-09-08,03,08,21,25,27,43
1422,2012-09-05,02,05,13,17,39,44
1421,2012-09-01,19,31,39,44,53,59
1420,2012-08-29,02,11,16,18,36,45
1419,2012-08-25,17,21,30,48,52,58
1418,2012-08-22,07,08,10,12,27,56
1417,2012-08-18,05,12,45,52,56,59
1416,2012-08-15,03,19,22,24,35,49
1415,2012-08-11,26,36,40,46,49,51
1414,2012-08-09,21,37,44,46,49,57
1413,2012-08-07,13,15,33,45,54,55
1412,2012-08-04,06,08,24,37,41,45
1411,2012-08-01,08,12,32,44,46,48
1410,2012-07-28,18,29,40,42,50,54
1409,2012-07-25,06,19,26,47,50,58
1408,2012-07-21,04,19,20,24,39,43
1407,2012-07-18,18,29,31,42,43,53
1406,2012-07-14,07,10,17,24,38,57
1405,2012-07-11,03,14,17,32,37,39
1404,2012-07-07,07,08,27,31,32,51
1403,2012-07-04,13,16,20,26,39,42
1402,2012-06-30,02,09,10,21,27,38
1401,2012-06-27,11,12,25,33,48,54
1400,2012-06-23,09,26,34,43,53,54
1399,2012-06-20,34,39,43,56,57,60
1398,2012-06-16,14,32,33,40,42,51
1397,2012-06-13,03,04,07,15,27,56
1396,2012-06-09,29,48,52,54,55,58
1395,2012-06-06,05,11,17,19,44,48
1394,2012-06-02,11,16,24,35,46,50
1393,2012-05-30,04,18,24,28,39,44
1392,2012-05-26,02,08,12,28,33,43
1391,2012-05-23,07,12,19,34,40,53
1390,2012-05-19,04,19,27,28,29,31
1389,2012-05-16,01,16,28,39,44,57
1388,2012-05-12,22,29,31,43,50,54
1387,2012-05-09,18,27,32,43,50,52
1386,2012-05-05,12,28,38,39,51,56
1385,2012-05-02,27,35,36,37,42,59
1384,2012-04-28,02,18,30,31,45,56
1383,2012-04-25,07,09,23,44,46,55
1382,2012-04-20,05,13,16,17,27,55
1381,2012-04-18,11,27,30,40,44,57
1380,2012-04-14,03,14,52,55,57,60
1379,2012-04-11,05,12,36,45,50,58
1378,2012-04-07,02,05,17,18,54,59
1377,2012-04-04,02,05,12,13,25,35
1376,2012-03-31,09,11,21,49,53,54
1375,2012-03-28,14,25,28,45,53,58
1374,2012-03-24,06,21,28,31,33,43
1373,2012-03-21,07,27,39,52,55,57
1372,2012-03-17,03,36,40,46,58,60
1371,2012-03-14,03,04,08,11,47,49
1370,2012-03-10,02,04,05,27,49,59
1369,2012-03-07,05,16,24,32,38,46
1368,2012-03-03,10,21,26,29,32,38
1367,2012-03-01,02,07,13,29,38,43
1366,2012-02-25,12,27,37,44,54,59
1365,2012-02-22,02,24,26,32,35,50
1364,2012-02-18,10,13,20,40,44,53
1363,2012-02-15,25,35,42,45,52,57
1362,2012-02-11,02,12,19,22,36,58
1361,2012-02-08,23,27,30,37,38,44
1360,2012-02-04,02,16,17,25,50,54
1359,2012-02-01,06,10,12,17,28,53
1358,2012-01-28,03,15,16,35,37,47
1357,2012-01-25,01,19,24,26,52,55
1356,2012-01-21,06,13,21,22,31,46
1355,2012-01-18,11,17,24,39,46,49
1354,2012-01-14,02,08,38,42,48,49
1353,2012-01-11,03,11,13,27,32,47
1352,2012-01-07,09,18,24,35,36,59
1351,2012-01-04,13,33,36,41,50,56
1350,2011-12-31,03,04,29,36,45,55
1349,2011-12-24,09,19,20,50,51,60
1348,2011-12-22,07,12,38,39,45,56
1347,2011-12-20,09,19,45,46,54,56
1346,2011-12-17,12,32,40,47,48,59
1345,2011-12-14,07,17,19,26,40,50
1344,2011-12-10,08,19,21,36,42,59
1343,2011-12-07,19,20,31,42,51,56
1342,2011-12-03,05,07,42,46,50,60
1341,2011-11-30,01,11,20,37,40,52
1340,2011-11-26,13,21,30,36,59,60
1339,2011-11-23,07,10,14,16,54,59
1338,2011-11-19,01,18,19,33,43,60
1337,2011-11-16,02,20,35,38,45,51
1336,2011-11-12,01,32,38,47,51,54
1335,2011-11-09,03,14,20,22,49,51
1334,2011-11-05,01,06,08,10,25,27
1333,2011-11-03,25,26,28,33,42,51
1332,2011-10-29,03,05,13,24,35,59
1331,2011-10-26,09,24,26,39,46,57
1330,2011-10-22,08,18,21,30,48,49
1329,2011-10-19,07,08,11,39,43,50
1328,2011-10-15,10,23,27,43,53,59
1327,2011-10-13,16,35,36,41,52,54
1326,2011-10-08,10,11,18,19,30,50
1325,2011-10-05,02,05,16,20,35,43
1324,2011-10-01,18,29,31,44,51,57
1323,2011-09-28,06,15,25,37,48,55
1322,2011-09-24,10,21,43,47,53,55
1321,2011-09-21,10,47,51,53,59,60
1320,2011-09-17,17,24,25,38,41,55
1319,2011-09-14,04,05,16,18,27,51
1318,2011-09-10,11,14,16,28,34,46
1317,2011-09-08,06,13,29,30,35,37
1316,2011-09-03,08,13,25,34,42,48
1315,2011-08-31,01,27,29,38,50,52
1314,2011-08-27,38,42,44,52,58,60
1313,2011-08-24,01,04,26,39,43,49
1312,2011-08-20,05,20,22,28,29,30
1311,2011-08-17,07,09,12,19,45,54
1310,2011-08-13,08,09,14,32,53,59
1309,2011-08-11,07,12,25,26,32,39
1308,2011-08-09,07,08,24,30,33,47
1307,2011-08-06,07,10,32,43,47,54
1306,2011-08-03,06,19,22,34,43,45
1305,2011-07-30,03,05,11,36,44,46
1304,2011-07-27,07,14,15,20,23,35
1303,2011-07-23,08,19,46,51,52,54
1302,2011-07-20,02,10,15,44,56,57
1301,2011-07-16,03,16,23,25,51,56
1300,2011-07-13,43,44,46,53,54,59
1299,2011-07-09,08,22,32,43,53,56
1298,2011-07-06,14,15,30,53,55,60
1297,2011-07-02,02,05,11,13,56,59
1296,2011-06-29,10,14,43,46,49,53
1295,2011-06-25,02,05,15,20,43,57
1294,2011-06-22,04,06,29,48,50,51
1293,2011-06-18,01,13,24,40,44,50
1292,2011-06-15,09,11,23,30,31,54
1291,2011-06-11,18,40,47,54,57,58
1290,2011-06-08,02,03,14,23,34,50
1289,2011-06-04,01,03,08,13,27,52
1288,2011-06-01,17,30,32,40,42,56
1287,2011-05-28,11,12,31,33,42,52
1286,2011-05-25,02,05,28,33,51,52
1285,2011-05-21,10,15,28,31,33,38
1284,2011-05-18,20,21,26,29,31,36
1283,2011-05-14,08,30,40,44,59,60
1282,2011-05-11,04,23,39,52,55,56
1281,2011-05-07,08,11,14,30,36,38
1280,2011-05-04,06,10,16,20,29,54
1279,2011-04-30,08,14,29,35,36,40
1278,2011-04-27,04,16,24,25,30,56
1277,2011-04-23,12,18,31,50,59,60
1276,2011-04-20,05,09,11,22,36,40
1275,2011-04-16,02,14,48,55,58,60
1274,2011-04-13,13,17,21,39,40,59
1273,2011-04-09,13,19,26,40,58,60
1272,2011-04-06,13,26,27,28,35,52
1271,2011-04-02,01,02,39,48,52,59
1270,2011-03-30,05,09,24,31,33,42
1269,2011-03-26,04,05,15,17,27,51
1268,2011-03-23,03,16,17,44,53,60
1267,2011-03-19,04,20,30,41,47,58
1266,2011-03-16,06,10,33,39,42,60
1265,2011-03-12,13,19,24,46,50,60
1264,2011-03-09,04,17,36,37,51,56
1263,2011-03-05,04,18,26,36,41,53
1262,2011-03-02,05,07,08,09,11,39
1261,2011-02-26,10,14,22,41,42,53
1260,2011-02-23,19,23,29,31,41,53
1259,2011-02-19,04,06,39,46,54,58
1258,2011-02-16,11,26,47,55,57,59
1257,2011-02-12,02,15,26,27,30,52
1256,2011-02-09,26,33,35,38,43,53
1255,2011-02-05,05,23,38,39,51,54
1254,2011-02-02,07,09,14,18,29,39
1253,2011-01-29,02,17,23,43,44,51
1252,2011-01-26,02,14,35,39,49,51
1251,2011-01-22,05,27,34,46,48,52
1250,2011-01-19,01,02,24,40,51,59
1249,2011-01-15,03,08,36,40,51,53
1248,2011-01-12,20,33,34,57,58,60
1247,2011-01-08,03,09,11,24,36,51
1246,2011-01-05,10,37,40,43,57,59
1245,2010-12-31,02,10,34,37,43,50
1244,2010-12-24,02,08,15,25,34,45
1243,2010-12-22,09,19,23,29,32,57
1242,2010-12-20,11,34,45,48,51,54
1241,2010-12-18,10,13,25,26,28,45
1240,2010-12-15,08,09,12,22,42,49
1239,2010-12-11,01,15,37,39,48,52
1238,2010-12-08,13,14,24,39,40,45
1237,2010-12-04,05,18,21,26,39,59
1236,2010-12-01,03,08,17,20,38,53
1235,2010-11-27,10,16,20,26,49,55
1234,2010-11-24,03,05,19,24,30,35
1233,2010-11-20,22,29,32,49,54,59
1232,2010-11-17,08,11,12,15,18,22
1231,2010-11-13,05,20,23,27,39,49
1230,2010-11-10,09,12,19,22,35,37
1229,2010-11-06,12,30,32,40,49,60
1228,2010-11-03,10,23,36,50,52,60
1227,2010-10-30,04,28,30,31,35,54
1226,2010-10-27,10,31,40,50,55,56
1225,2010-10-23,31,32,34,40,50,55
1224,2010-10-20,19,21,27,41,53,57
1223,2010-10-16,15,17,35,42,47,48
1222,2010-10-13,05,08,19,26,48,57
1221,2010-10-09,05,14,37,43,46,58
1220,2010-10-06,05,15,43,48,52,55
1219,2010-10-02,02,33,34,37,41,53
1218,2010-09-29,10,23,29,31,33,46
1217,2010-09-25,05,11,15,28,43,50
1216,2010-09-22,04,07,13,25,27,58
1215,2010-09-18,10,25,30,47,50,51
1214,2010-09-15,05,29,30,36,41,48
1213,2010-09-11,03,11,26,34,45,53
1212,2010-09-08,02,23,33,35,40,50
1211,2010-09-04,03,15,31,36,48,54
1210,2010-09-01,03,07,09,10,31,34
1209,2010-08-28,05,14,17,30,35,38
1208,2010-08-25,01,12,20,26,45,54
1207,2010-08-21,09,11,22,32,35,56
1206,2010-08-18,02,06,11,36,37,48
1205,2010-08-14,04,13,14,26,29,35
1204,2010-08-11,05,10,25,39,43,52
1203,2010-08-07,07,09,30,33,38,55
1202,2010-08-04,08,09,11,48,53,60
1201,2010-07-31,28,32,36,49,55,60
1200,2010-07-28,03,10,11,39,54,56
1199,2010-07-24,16,19,23,28,39,58
1198,2010-07-21,22,29,36,41,48,58
1197,2010-07-17,36,37,39,49,54,60
1196,2010-07-14,03,06,19,20,58,60
1195,2010-07-10,17,20,26,27,55,57
1194,2010-07-07,06,13,24,41,50,53
1193,2010-07-03,02,09,12,14,32,54
1192,2010-06-30,17,20,49,52,57,59
1191,2010-06-26,03,11,16,22,25,33
1190,2010-06-23,10,11,19,37,53,56
1189,2010-06-19,14,21,27,31,35,50
1188,2010-06-16,09,20,44,52,59,60
1187,2010-06-12,08,17,19,40,43,49
1186,2010-06-09,07,08,12,13,15,41
1185,2010-06-05,02,10,21,35,43,54
1184,2010-06-02,04,09,23,27,28,30
1183,2010-05-29,05,10,12,20,29,37
1182,2010-05-26,02,04,29,52,56,60
1181,2010-05-22,18,20,26,31,44,45
1180,2010-05-19,12,30,34,44,57,60
1179,2010-05-15,05,22,28,47,59,60
1178,2010-05-12,01,22,30,45,50,53
1177,2010-05-08,33,38,47,50,52,55
1176,2010-05-05,11,14,21,30,33,49
1175,2010-04-30,02,03,12,16,37,47
1174,2010-04-28,06,07,39,47,51,52
1173,2010-04-24,05,07,24,25,36,47
1172,2010-04-20,06,12,28,43,52,56
1171,2010-04-17,03,10,13,30,41,57
1170,2010-04-14,11,13,27,34,46,49
1169,2010-04-10,01,11,14,23,42,48
1168,2010-04-07,04,05,20,47,53,56
1167,2010-04-03,20,28,43,51,52,56
1166,2010-03-31,22,28,30,31,35,54
1165,2010-03-27,20,40,42,52,54,60
1164,2010-03-24,06,14,17,26,40,49
1163,2010-03-20,05,17,31,47,51,53
1162,2010-03-17,18,22,25,30,31,41
1161,2010-03-13,04,07,42,47,48,51
1160,2010-03-10,01,03,05,18,40,48
1159,2010-03-06,05,06,34,46,53,55
1158,2010-03-03,23,30,31,54,55,60
1157,2010-02-27,09,29,41,43,46,49
1156,2010-02-24,09,24,31,44,48,49
1155,2010-02-20,20,28,40,41,51,58
1154,2010-02-17,04,12,14,21,26,28
1153,2010-02-13,06,17,19,34,46,55
1152,2010-02-10,14,20,29,36,44,47
1151,2010-02-06,01,04,14,21,25,51
1150,2010-02-03,15,17,28,31,35,52
1149,2010-01-30,07,08,23,36,46,54
1148,2010-01-27,27,28,29,32,48,55
1147,2010-01-23,06,23,31,33,39,52
1146,2010-01-20,06,10,28,33,34,53
1145,2010-01-16,03,16,19,24,33,60
1144,2010-01-13,01,10,18,19,44,49
1143,2010-01-09,03,30,35,44,47,60
1142,2010-01-06,03,15,26,28,31,58
1141,2010-01-02,09,37,40,50,58,60
1140,2009-12-31,10,27,40,46,49,58
1139,2009-12-26,09,28,31,36,37,42
1138,2009-12-24,02,04,15,18,25,36
1137,2009-12-22,19,21,25,28,43,50
1136,2009-12-19,07,31,32,34,37,43
1135,2009-12-16,04,05,06,19,23,39
1134,2009-12-12,09,22,29,36,51,56
1133,2009-12-09,05,10,16,21,39,58
1132,2009-12-05,12,27,30,33,52,55
1131,2009-12-02,01,08,16,34,36,49
1130,2009-11-28,05,18,23,32,49,54
1129,2009-11-25,12,17,19,32,47,55
1128,2009-11-21,08,16,24,39,52,60
1127,2009-11-18,05,08,14,24,29,30
1126,2009-11-14,04,31,42,52,57,59
1125,2009-11-11,03,07,29,33,42,56
1124,2009-11-07,07,11,16,18,33,49
1123,2009-11-04,04,14,19,39,45,60
1122,2009-10-31,26,44,46,49,55,56
1121,2009-10-28,04,17,18,54,56,59
1120,2009-10-24,07,35,40,44,50,55
1119,2009-10-21,10,34,41,44,45,54
1118,2009-10-17,08,20,21,43,44,55
1117,2009-10-14,01,06,17,27,35,40
1116,2009-10-10,04,09,13,17,20,47
1115,2009-10-07,18,30,37,41,44,50
1114,2009-10-03,03,15,16,22,25,54
1113,2009-09-30,03,06,29,36,47,59
1112,2009-09-26,04,32,34,43,52,58
1111,2009-09-23,04,09,25,32,33,43
1110,2009-09-19,06,14,26,28,42,45
1109,2009-09-16,06,08,11,14,29,52
1108,2009-09-12,07,09,39,43,44,60
1107,2009-09-09,03,09,20,36,53,54
1106,2009-09-05,04,15,43,47,50,60
1105,2009-09-02,01,15,28,43,50,57
1104,2009-08-29,02,03,06,35,49,58
1103,2009-08-26,10,19,28,41,55,56
1102,2009-08-22,09,11,23,35,46,51
1101,2009-08-19,06,07,10,12,24,57
1100,2009-08-15,07,17,18,33,41,42
1099,2009-08-12,14,31,35,38,44,55
1098,2009-08-08,11,20,21,30,50,52
1097,2009-08-05,01,17,21,33,48,56
1096,2009-08-01,03,13,14,16,41,52
1095,2009-07-29,10,16,21,23,27,36
1094,2009-07-25,09,10,21,36,41,48
1093,2009-07-22,19,23,27,38,41,49
1092,2009-07-18,01,09,30,33,34,40
1091,2009-07-15,17,23,24,27,49,56
1090,2009-07-11,09,20,24,36,40,42
1089,2009-07-08,02,18,20,32,37,48
1088,2009-07-04,06,24,31,35,42,57
1087,2009-07-01,03,20,28,32,36,46
1086,2009-06-27,02,04,06,10,23,45
1085,2009-06-24,12,21,39,40,50,55
1084,2009-06-20,05,20,29,33,40,59
1083,2009-06-17,10,20,23,28,42,43
1082,2009-06-13,04,17,38,40,50,55
1081,2009-06-10,09,16,24,29,52,56
1080,2009-06-06,11,18,20,34,41,56
1079,2009-06-03,05,12,24,28,36,37
1078,2009-05-30,03,06,34,41,43,45
1077,2009-05-27,05,06,09,11,18,37
1076,2009-05-23,04,10,19,32,33,42
1075,2009-05-20,10,12,16,21,39,53
1074,2009-05-16,03,10,23,29,47,50
1073,2009-05-13,08,25,32,34,36,44
1072,2009-05-09,09,18,19,43,47,54
1071,2009-05-06,05,07,37,43,53,54
1070,2009-05-02,05,08,16,23,41,53
1069,2009-04-29,09,17,28,45,49,53
1068,2009-04-25,25,27,44,47,48,57
1067,2009-04-22,04,10,14,25,28,56
1066,2009-04-18,06,10,25,32,43,49
1065,2009-04-15,07,19,30,39,43,57
1064,2009-04-11,04,16,19,28,29,49
1063,2009-04-08,01,22,44,47,49,50
1062,2009-04-04,02,08,23,33,37,55
1061,2009-04-01,09,21,23,30,41,56
1060,2009-03-28,01,03,16,18,41,42
1059,2009-03-25,01,12,14,16,37,45
1058,2009-03-21,18,20,24,45,51,57
1057,2009-03-18,02,03,04,15,49,59
1056,2009-03-14,06,08,38,50,53,59
1055,2009-03-11,12,15,16,20,27,32
1054,2009-03-07,13,14,18,27,41,60
1053,2009-03-04,15,27,34,42,49,53
1052,2009-02-28,08,11,15,16,52,57
1051,2009-02-25,07,10,11,13,43,57
1050,2009-02-21,14,24,26,33,45,60
1049,2009-02-18,02,05,17,29,34,52
1048,2009-02-14,03,16,21,28,38,57
1047,2009-02-11,01,02,08,10,14,48
1046,2009-02-07,28,40,42,54,55,57
1045,2009-02-04,01,05,06,17,31,50
1044,2009-01-31,10,11,13,35,39,58
1043,2009-01-28,14,21,25,48,51,60
1042,2009-01-24,13,18,25,30,46,51
1041,2009-01-21,10,12,36,44,54,57
1040,2009-01-17,01,06,28,39,44,55
1039,2009-01-14,02,20,24,27,36,52
1038,2009-01-10,06,07,28,35,43,51
1037,2009-01-07,04,36,44,46,53,56
1036,2009-01-03,10,27,36,39,41,52
1035,2008-12-31,01,11,26,51,59,60
1034,2008-12-27,01,03,18,20,42,49
1033,2008-12-24,05,06,17,33,39,54
1032,2008-12-20,15,16,26,29,43,57
1031,2008-12-17,24,33,40,43,46,49
1030,2008-12-13,01,08,23,37,54,57
1029,2008-12-10,05,16,17,20,24,32
1028,2008-12-06,20,26,34,51,52,54
1027,2008-12-03,18,20,33,44,47,60
1026,2008-11-29,06,10,17,33,51,53
1025,2008-11-26,10,27,28,29,40,52
1024,2008-11-22,18,22,28,29,39,53
1023,2008-11-19,02,07,08,18,40,45
1022,2008-11-16,05,21,31,39,40,56
1021,2008-11-12,02,33,42,43,51,55
1020,2008-11-08,01,02,19,32,39,52
1019,2008-11-05,04,13,23,29,46,47
1018,2008-11-01,09,24,44,51,55,58
1017,2008-10-29,06,19,31,34,51,56
1016,2008-10-25,05,09,11,20,25,60
1015,2008-10-22,03,08,17,26,28,49
1014,2008-10-18,08,09,25,41,57,60
1013,2008-10-15,07,09,12,19,20,41
1012,2008-10-11,14,19,40,47,55,58
1011,2008-10-08,02,11,21,30,35,52
1010,2008-10-04,02,03,13,37,46,54
1009,2008-10-01,01,06,12,29,34,58
1008,2008-09-27,07,13,15,34,42,48
1007,2008-09-24,04,27,36,37,49,52
1006,2008-09-20,02,04,17,33,48,55
1005,2008-09-17,04,06,12,37,41,42
1004,2008-09-13,29,40,43,44,45,47
1003,2008-09-10,05,10,16,23,26,27
1002,2008-09-06,03,07,25,31,40,58
1001,2008-09-03,12,15,27,37,51,60
1000,2008-08-30,29,38,39,49,53,58
0999,2008-08-27,18,24,36,44,55,58
0998,2008-08-23,03,04,21,22,28,32
0997,2008-08-20,09,17,18,32,53,55
0996,2008-08-16,07,15,20,21,23,29
0995,2008-08-13,04,16,31,36,54,55
0994,2008-08-09,03,20,29,40,44,58
0993,2008-08-06,05,24,25,26,42,60
0992,2008-08-02,01,04,06,08,25,28
0991,2008-07-30,08,09,15,38,41,60
0990,2008-07-26,02,10,15,18,29,39
0989,2008-07-23,02,21,27,29,32,38
0988,2008-07-19,08,17,46,48,56,60
0987,2008-07-16,13,27,31,34,47,58
0986,2008-07-12,06,15,19,24,31,32
0985,2008-07-09,04,16,18,46,56,59
0984,2008-07-05,04,10,20,43,46,47
0983,2008-07-02,16,22,32,38,40,45
0982,2008-06-28,08,12,24,40,43,49
0981,2008-06-25,01,08,34,41,53,58
0980,2008-06-21,15,17,29,35,36,59
0979,2008-06-18,03,15,28,31,39,51
0978,2008-06-14,12,16,18,27,42,58
0977,2008-06-11,03,05,07,09,17,32
0976,2008-06-07,14,23,25,28,38,53
0975,2008-06-04,09,30,33,37,40,41
0974,2008-05-31,12,16,20,31,38,45
0973,2008-05-28,01,08,30,36,47,53
0972,2008-05-24,15,18,31,33,34,56
0971,2008-05-21,04,11,14,33,44,45
0970,2008-05-17,05,21,28,34,54,57
0969,2008-05-14,13,25,35,41,50,56
0968,2008-05-10,01,04,13,30,51,60
0967,2008-05-07,05,13,14,18,30,57
0966,2008-05-03,01,04,26,28,41,58
0965,2008-04-30,05,30,36,39,57,58
0964,2008-04-26,08,13,20,26,33,42
0963,2008-04-23,15,17,37,48,50,59
0962,2008-04-19,02,11,40,48,49,55
0961,2008-04-16,02,04,16,21,36,53
0960,2008-04-12,06,18,19,33,34,53
0959,2008-04-09,03,05,11,33,39,57
0958,2008-04-05,07,13,22,33,48,51
0957,2008-04-02,24,25,32,34,50,57
0956,2008-03-29,46,47,51,54,57,59
0955,2008-03-26,05,12,21,32,33,35
0954,2008-03-22,05,08,18,24,33,57
0953,2008-03-19,01,16,39,42,48,55
0952,2008-03-15,02,11,18,27,30,54
0951,2008-03-12,14,24,34,39,49,55
0950,2008-03-08,23,41,42,48,49,59
0949,2008-03-05,01,23,41,44,51,52
0948,2008-03-01,22,41,44,46,52,54
0947,2008-02-27,03,05,11,14,33,58
0946,2008-02-23,01,05,12,47,52,59
0945,2008-02-20,04,08,27,44,54,59
0944,2008-02-16,16,37,43,52,58,59
0943,2008-02-13,03,12,23,41,47,58
0942,2008-02-09,05,08,18,42,52,59
0941,2008-02-06,10,11,15,27,53,60
0940,2008-02-02,05,25,31,33,37,51
0939,2008-01-30,06,19,23,37,49,50
0938,2008-01-26,15,27,35,50,57,59
0937,2008-01-23,02,21,22,30,41,52
0936,2008-01-19,05,14,22,29,33,44
0935,2008-01-16,07,13,18,29,31,45
0934,2008-01-12,01,03,21,25,44,48
0933,2008-01-09,08,14,25,39,45,51
0932,2008-01-05,02,17,21,36,42,53
0931,2007-12-31,07,17,19,34,36,39
0930,2007-12-22,20,28,37,46,49,55
0929,2007-12-19,16,27,35,39,49,57
0928,2007-12-15,04,10,32,33,49,60
0927,2007-12-12,19,23,26,31,33,36
0926,2007-12-08,21,33,34,40,41,59
0925,2007-12-05,08,22,36,37,46,52
0924,2007-12-01,02,20,21,27,51,60
0923,2007-11-28,02,15,39,50,53,57
0922,2007-11-24,12,13,19,41,45,49
0921,2007-11-21,01,09,35,41,48,57
0920,2007-11-17,05,17,24,52,55,57
0919,2007-11-14,03,25,31,41,43,60
0918,2007-11-10,04,08,12,38,44,52
0917,2007-11-07,23,25,30,46,47,59
0916,2007-11-03,05,28,33,36,37,38
0915,2007-10-31,17,20,26,28,48,49
0914,2007-10-27,09,12,23,33,45,51
0913,2007-10-24,14,30,36,38,46,59
0912,2007-10-20,04,19,21,26,29,54
0911,2007-10-17,01,06,28,29,46,49
0910,2007-10-13,03,15,27,29,36,53
0909,2007-10-10,17,22,26,28,38,42
0908,2007-10-06,01,09,19,25,50,52
0907,2007-10-03,09,36,37,41,51,53
0906,2007-09-29,07,14,24,29,35,39
0905,2007-09-26,02,04,15,16,55,57
0904,2007-09-22,32,44,48,51,53,59
0903,2007-09-19,05,17,20,32,41,55
0902,2007-09-15,18,23,50,52,55,58
0901,2007-09-12,13,16,32,33,34,56
0900,2007-09-08,04,18,21,34,38,59
0899,2007-09-05,18,20,36,53,54,58
0898,2007-09-01,03,04,08,30,45,54
0897,2007-08-29,07,21,22,43,46,57
0896,2007-08-25,05,11,22,31,35,41
0895,2007-08-22,02,41,43,55,57,58
0894,2007-08-18,20,24,28,37,41,44
0893,2007-08-15,03,18,26,51,53,56
0892,2007-08-11,01,19,42,44,49,52
0891,2007-08-08,15,16,19,22,34,35
0890,2007-08-04,07,09,17,21,22,54
0889,2007-08-01,20,24,34,39,54,60
0888,2007-07-28,24,40,50,52,54,60
0887,2007-07-25,01,12,21,32,34,44
0886,2007-07-21,17,33,37,50,55,59
0885,2007-07-18,04,13,31,33,47,51
0884,2007-07-14,02,11,12,14,22,39
0883,2007-07-11,21,32,37,52,53,60
0882,2007-07-07,17,41,42,44,45,60
0881,2007-07-04,04,18,24,43,51,56
0880,2007-06-30,25,30,37,46,49,51
0879,2007-06-27,10,28,29,35,42,46
0878,2007-06-23,11,12,37,38,43,54
0877,2007-06-20,13,15,20,28,31,36
0876,2007-06-16,04,08,12,41,45,60
0875,2007-06-13,18,20,24,36,53,58
0874,2007-06-09,10,20,42,44,52,59
0873,2007-06-06,04,19,30,34,57,59
0872,2007-06-02,05,18,31,43,55,58
0871,2007-05-30,01,05,10,17,47,58
0870,2007-05-26,08,21,34,40,43,52
0869,2007-05-23,27,29,42,49,50,51
0868,2007-05-19,21,22,25,40,51,57
0867,2007-05-16,10,19,26,28,44,54
0866,2007-05-12,05,27,36,40,46,48
0865,2007-05-09,23,26,27,41,51,53
0864,2007-05-05,08,11,31,33,42,57
0863,2007-05-02,15,24,32,50,53,57
0862,2007-04-28,02,08,11,12,19,35
0861,2007-04-25,39,40,42,47,59,60
0860,2007-04-23,02,08,17,22,42,44
0859,2007-04-18,09,12,34,46,47,57
0858,2007-04-14,04,18,23,31,37,54
0857,2007-04-11,02,03,17,49,50,59
0856,2007-04-07,11,15,40,41,42,47
0855,2007-04-04,03,24,31,42,43,53
0854,2007-03-31,03,17,24,25,27,44
0853,2007-03-28,30,38,46,51,56,59
0852,2007-03-24,06,14,23,34,38,44
0851,2007-03-21,03,16,19,32,35,58
0850,2007-03-17,07,22,25,44,59,60
0849,2007-03-14,08,09,39,44,49,58
0848,2007-03-10,17,27,32,34,47,56
0847,2007-03-07,14,15,27,42,44,48
0846,2007-03-03,02,03,44,47,50,54
0845,2007-02-28,14,19,20,40,48,52
0844,2007-02-24,16,24,34,44,54,57
0843,2007-02-17,01,16,34,36,45,48
0842,2007-02-14,07,09,30,44,51,60
0841,2007-02-10,07,22,32,36,38,51
0840,2007-02-07,17,29,31,35,43,59
0839,2007-02-03,07,08,11,18,37,43
0838,2007-01-31,09,23,30,38,44,47
0837,2007-01-27,05,06,16,24,34,60
0836,2007-01-24,17,22,28,38,52,59
0835,2007-01-20,18,31,33,49,57,58
0834,2007-01-17,10,16,17,34,44,51
0833,2007-01-13,13,16,46,53,57,58
0832,2007-01-10,15,17,23,33,39,49
0831,2007-01-06,03,32,33,42,48,50
0830,2007-01-03,02,13,41,49,51,53
0829,2006-12-31,10,14,32,47,50,56
0828,2006-12-23,23,28,38,42,50,53
0827,2006-12-21,18,24,30,42,51,56
0826,2006-12-19,06,07,08,27,45,53
0825,2006-12-16,10,21,28,40,41,47
0824,2006-12-13,06,07,09,20,33,48
0823,2006-12-09,01,15,26,51,54,59
0822,2006-12-06,04,10,17,27,41,52
0821,2006-12-02,04,29,33,36,38,42
0820,2006-11-29,10,17,21,32,45,46
0819,2006-11-25,05,19,25,46,51,58
0818,2006-11-22,08,09,22,25,41,44
0817,2006-11-18,10,29,30,34,43,52
0816,2006-11-16,20,21,30,40,47,52
0815,2006-11-11,09,19,37,39,50,57
0814,2006-11-08,02,08,11,41,46,50
0813,2006-11-04,09,15,23,45,46,56
0812,2006-11-01,11,13,38,39,54,57
0811,2006-10-28,10,28,32,41,47,57
0810,2006-10-25,01,04,05,33,37,48
0809,2006-10-21,05,11,15,23,25,30
0808,2006-10-18,02,15,21,31,46,57
0807,2006-10-14,02,08,27,32,49,56
0806,2006-10-12,18,26,35,41,47,60
0805,2006-10-07,02,30,36,43,48,60
0804,2006-10-04,03,13,37,47,56,59
0803,2006-09-30,03,05,10,21,28,57
0802,2006-09-27,06,14,18,24,48,60
0801,2006-09-23,11,19,20,22,42,48
0800,2006-09-20,01,07,11,37,38,56
0799,2006-09-16,19,29,35,42,55,57
0798,2006-09-13,03,04,09,29,32,52
0797,2006-09-09,06,12,47,48,52,58
0796,2006-09-06,05,19,24,34,39,43
0795,2006-09-02,14,21,26,29,36,48
0794,2006-08-30,03,38,42,47,55,56
0793,2006-08-26,03,15,16,33,51,57
0792,2006-08-23,09,29,34,43,45,56
0791,2006-08-19,09,14,19,35,42,58
0790,2006-08-16,02,06,19,22,28,43
0789,2006-08-12,06,31,38,39,50,60
0788,2006-08-09,17,19,29,31,44,57
0787,2006-08-05,20,31,34,37,54,60
0786,2006-08-02,10,11,26,27,31,41
0785,2006-07-29,05,08,17,35,37,48
0784,2006-07-26,08,27,37,42,53,56
0783,2006-07-22,04,08,21,32,43,48
0782,2006-07-19,02,11,23,35,42,59
0781,2006-07-15,08,10,13,39,54,56
0780,2006-07-12,07,10,28,50,51,59
0779,2006-07-08,25,26,29,36,52,54
0778,2006-07-05,20,31,36,37,45,51
0777,2006-07-01,02,14,23,28,50,56
0776,2006-06-28,03,15,35,41,57,60
0775,2006-06-24,12,27,42,46,47,50
0774,2006-06-21,05,10,37,46,54,58
0773,2006-06-17,03,05,14,29,34,51
0772,2006-06-14,10,35,38,51,52,60
0771,2006-06-10,14,21,29,34,46,47
0770,2006-06-07,04,12,25,34,35,48
0769,2006-06-03,12,16,20,21,29,50
0768,2006-05-31,04,08,30,33,37,59
0767,2006-05-27,15,22,32,38,50,54
0766,2006-05-24,01,19,24,42,50,58
0765,2006-05-21,03,10,16,30,37,50
0764,2006-05-18,03,07,45,47,53,55
0763,2006-05-13,01,09,26,40,47,48
0762,2006-05-10,09,12,21,37,39,54
0761,2006-05-06,13,17,27,29,40,56
0760,2006-05-03,12,17,44,45,46,60
0759,2006-04-29,30,31,39,45,48,59
0758,2006-04-26,01,23,36,43,47,59
0757,2006-04-22,12,17,18,30,32,58
0756,2006-04-19,05,27,37,38,41,50
0755,2006-04-15,04,12,30,47,49,59
0754,2006-04-12,03,04,13,34,42,50
0753,2006-04-08,02,07,22,35,43,59
0752,2006-04-05,04,23,24,25,29,42
0751,2006-04-01,04,07,20,25,38,50
0750,2006-03-29,10,17,33,42,54,58
0749,2006-03-25,04,24,47,48,50,57
0748,2006-03-22,01,02,07,19,35,51
0747,2006-03-18,02,03,12,21,23,56
0746,2006-03-15,01,10,12,25,49,57
0745,2006-03-11,02,16,21,37,43,57
0744,2006-03-08,04,12,23,26,39,46
0743,2006-03-04,20,23,25,32,54,60
0742,2006-03-01,02,07,17,34,41,50
0741,2006-02-25,24,26,27,36,39,59
0740,2006-02-22,12,16,28,29,47,50
0739,2006-02-18,06,10,35,45,49,56
0738,2006-02-15,14,15,26,30,42,54
0737,2006-02-11,11,12,24,32,33,38
0736,2006-02-08,01,21,38,41,49,56
0735,2006-02-04,09,15,38,40,42,52
0734,2006-02-01,27,29,43,44,45,54
0733,2006-01-28,02,12,26,31,43,46
0732,2006-01-25,06,17,19,49,50,53
0731,2006-01-21,06,15,16,23,28,35
0730,2006-01-18,02,15,16,45,50,54
0729,2006-01-14,05,18,33,43,56,57
0728,2006-01-11,08,13,24,32,42,44
0727,2006-01-07,04,12,14,30,42,59
0726,2006-01-04,01,05,07,37,40,47
0725,2005-12-31,03,09,35,37,41,49
0724,2005-12-21,17,27,34,48,51,55
0723,2005-12-17,01,06,16,36,50,52
0722,2005-12-14,09,18,36,44,57,60
0721,2005-12-10,03,14,23,25,36,55
0720,2005-12-07,12,31,44,51,54,56
0719,2005-12-03,03,32,37,39,47,53
0718,2005-11-30,07,21,33,35,39,58
0717,2005-11-26,06,17,23,28,35,41
0716,2005-11-23,02,07,16,29,32,50
0715,2005-11-19,04,12,24,33,36,54
0714,2005-11-16,07,08,17,35,39,53
0713,2005-11-12,01,12,16,26,46,54
0712,2005-11-09,07,08,35,43,53,58
0711,2005-11-05,05,10,33,40,41,59
0710,2005-10-29,05,25,34,39,46,49
0709,2005-10-26,04,06,09,22,29,44
0708,2005-10-22,07,09,13,39,45,47
0707,2005-10-19,01,08,10,36,43,51
0706,2005-10-15,02,07,10,17,22,60
0705,2005-10-08,03,11,13,15,26,43
0704,2005-10-05,02,04,18,27,34,50
0703,2005-10-01,02,11,24,27,30,45
0702,2005-09-28,01,18,45,56,57,58
0701,2005-09-24,01,13,23,31,48,60
0700,2005-09-21,02,03,14,24,31,40
0699,2005-09-19,17,23,48,50,53,54
0698,2005-09-14,08,12,22,27,43,55
0697,2005-09-10,28,31,32,35,51,53
0696,2005-09-03,09,16,34,37,53,57
0695,2005-08-31,06,11,13,21,40,52
0694,2005-08-27,15,19,29,37,41,53
0693,2005-08-24,13,14,17,31,41,50
0692,2005-08-20,11,18,33,57,58,60
0691,2005-08-17,08,16,37,50,55,58
0690,2005-08-13,08,12,15,41,47,53
0689,2005-08-10,06,07,31,49,51,60
0688,2005-08-06,11,21,30,35,47,52
0687,2005-08-03,01,07,14,41,48,59
0686,2005-07-30,04,05,15,26,33,54
0685,2005-07-27,05,12,27,33,43,56
0684,2005-07-23,17,19,33,37,40,50
0683,2005-07-20,02,11,12,35,40,43
0682,2005-07-16,04,27,36,37,47,60
0681,2005-07-13,21,25,38,53,58,59
0680,2005-07-09,02,03,05,22,26,44
0679,2005-07-06,03,21,25,37,54,58
0678,2005-07-02,14,31,40,42,44,46
0677,2005-06-29,08,10,25,32,48,55
0676,2005-06-25,09,15,32,41,42,49
0675,2005-06-22,24,25,30,42,43,50
0674,2005-06-18,18,22,29,32,38,42
0673,2005-06-15,06,11,20,34,37,40
0672,2005-06-11,24,28,34,38,43,53
0671,2005-06-08,09,16,27,38,39,51
0670,2005-06-04,22,37,42,48,58,59
0669,2005-06-01,07,24,27,40,41,49
0668,2005-05-28,01,02,14,33,49,56
0667,2005-05-25,01,04,05,16,23,49
0666,2005-05-21,07,16,26,29,45,55
0665,2005-05-18,07,08,18,25,47,48
0664,2005-05-14,01,12,36,38,55,59
0663,2005-05-11,01,27,30,49,51,55
0662,2005-05-07,04,18,23,25,56,60
0661,2005-05-04,04,27,36,40,42,55
0660,2005-04-30,05,11,38,46,53,54
0659,2005-04-27,14,29,34,40,51,52
0658,2005-04-23,03,06,11,20,36,41
0657,2005-04-20,16,20,33,58,59,60
0656,2005-04-16,35,36,37,46,51,59
0655,2005-04-13,01,26,37,39,43,48
0654,2005-04-09,06,10,11,40,41,56
0653,2005-04-06,05,09,19,24,31,34
0652,2005-04-02,10,18,20,24,56,57
0651,2005-03-30,26,28,39,45,48,60
0650,2005-03-26,10,24,25,29,53,59
0649,2005-03-23,09,24,33,41,48,54
0648,2005-03-19,05,23,29,42,45,48
0647,2005-03-16,11,12,14,19,54,56
0646,2005-03-12,10,13,32,47,49,60
0645,2005-03-09,03,24,48,52,53,54
0644,2005-03-05,14,27,29,31,34,57
0643,2005-03-02,14,24,37,40,42,45
0642,2005-02-26,17,36,40,44,51,56
0641,2005-02-23,01,09,13,17,33,34
0640,2005-02-19,12,19,42,46,59,60
0639,2005-02-16,13,35,39,45,51,60
0638,2005-02-12,10,11,36,41,42,50
0637,2005-02-05,11,18,43,48,52,58
0636,2005-02-02,26,28,30,32,34,50
0635,2005-01-29,08,20,26,37,42,49
0634,2005-01-26,10,13,24,41,42,56
0633,2005-01-22,05,11,22,27,46,50
0632,2005-01-19,02,19,28,48,51,54
0631,2005-01-15,01,20,28,32,44,47
0630,2005-01-12,12,16,20,45,53,60
0629,2005-01-08,15,16,39,40,47,51
0628,2005-01-05,08,16,22,30,56,58
0627,2004-12-29,01,13,19,45,56,58
0626,2004-12-22,07,08,18,22,39,49
0625,2004-12-18,12,24,32,40,42,59
0624,2004-12-15,08,23,34,39,43,52
0623,2004-12-11,09,23,30,42,49,55
0622,2004-12-08,19,27,29,38,50,59
0621,2004-12-04,26,29,31,49,50,57
0620,2004-12-01,01,03,13,22,29,32
0619,2004-11-27,08,12,14,16,19,46
0618,2004-11-24,03,08,10,13,24,60
0617,2004-11-20,03,05,25,33,36,49
0616,2004-11-17,02,12,16,24,26,54
0615,2004-11-13,05,08,10,27,31,51
0614,2004-11-10,12,16,31,48,57,60
0613,2004-11-06,06,13,19,44,54,55
0612,2004-11-03,15,18,33,50,53,55
0611,2004-10-30,16,21,22,33,48,49
0610,2004-10-27,25,30,43,45,47,49
0609,2004-10-23,02,06,15,58,59,60
0608,2004-10-20,06,13,19,24,30,37
0607,2004-10-16,06,11,19,27,41,59
0606,2004-10-13,06,23,32,35,41,55
0605,2004-10-09,04,24,44,49,52,53
0604,2004-10-06,15,25,41,46,49,51
0603,2004-10-02,04,08,11,12,29,44
0602,2004-09-29,07,13,38,46,55,60
0601,2004-09-25,10,19,22,29,30,37
0600,2004-09-22,16,18,31,34,39,54
0599,2004-09-18,04,06,09,23,45,51
0598,2004-09-15,05,16,34,38,50,53
0597,2004-09-11,22,27,29,40,42,56
0596,2004-09-08,11,14,28,43,54,60
0595,2004-09-04,01,02,25,43,50,54
0594,2004-09-01,10,13,29,47,53,55
0593,2004-08-28,01,25,27,29,49,59
0592,2004-08-25,13,14,42,47,55,59
0591,2004-08-21,01,03,18,34,50,58
0590,2004-08-18,04,05,18,25,28,51
0589,2004-08-14,06,07,08,13,33,59
0588,2004-08-11,11,13,45,46,53,55
0587,2004-08-07,02,18,29,30,36,60
0586,2004-08-04,11,13,38,39,45,54
0585,2004-07-31,12,24,33,36,39,57
0584,2004-07-28,07,08,23,30,32,53
0583,2004-07-24,06,07,20,41,43,55
0582,2004-07-21,13,29,40,45,51,59
0581,2004-07-17,14,17,25,30,39,52
0580,2004-07-14,15,16,18,28,38,47
0579,2004-07-10,04,09,15,17,34,39
0578,2004-07-07,03,18,23,48,56,58
0577,2004-07-03,08,23,24,28,31,47
0576,2004-06-30,07,08,18,39,43,52
0575,2004-06-26,05,18,21,29,35,48
0574,2004-06-23,02,10,17,23,32,44
0573,2004-06-19,06,17,22,29,40,59
0572,2004-06-16,03,09,16,20,33,60
0571,2004-06-12,12,13,14,31,50,51
0570,2004-06-09,15,32,33,35,36,51
0569,2004-06-05,03,09,14,15,32,57
0568,2004-06-02,13,17,22,25,29,41
0567,2004-05-29,11,31,38,41,57,58
0566,2004-05-26,06,13,17,18,20,37
0565,2004-05-22,07,31,34,35,37,45
0564,2004-05-19,10,13,20,32,38,49
0563,2004-05-15,05,08,23,34,44,51
0562,2004-05-12,16,23,35,37,55,57
0561,2004-05-08,01,20,36,39,49,55
0560,2004-05-05,02,11,18,30,32,58
0559,2004-05-01,06,13,17,25,36,53
0558,2004-04-28,07,14,31,57,58,59
0557,2004-04-24,08,12,18,23,38,49
0556,2004-04-21,08,10,17,30,33,45
0555,2004-04-17,05,23,31,33,45,49
0554,2004-04-14,15,29,31,42,47,60
0553,2004-04-10,04,43,46,53,54,58
0552,2004-04-07,09,22,47,49,52,54
0551,2004-04-03,12,21,46,48,56,57
0550,2004-03-31,16,17,38,39,45,56
0549,2004-03-27,08,13,22,46,51,58
0548,2004-03-24,14,47,49,51,58,59
0547,2004-03-20,04,13,28,30,53,59
0546,2004-03-17,04,05,13,17,46,54
0545,2004-03-13,17,29,35,40,43,57
0544,2004-03-10,11,17,33,34,47,56
0543,2004-03-06,35,37,42,46,49,54
0542,2004-03-03,04,06,19,28,35,49
0541,2004-02-28,13,27,49,52,57,58
0540,2004-02-21,04,22,28,30,44,49
0539,2004-02-18,06,16,19,47,50,55
0538,2004-02-14,03,25,43,45,52,56
0537,2004-02-11,03,07,19,34,37,39
0536,2004-02-07,14,15,22,23,25,37
0535,2004-02-04,06,14,28,47,49,56
0534,2004-01-31,03,08,23,31,48,57
0533,2004-01-28,13,18,21,27,53,59
0532,2004-01-24,04,09,12,13,52,53
0531,2004-01-21,01,03,07,18,35,50
0530,2004-01-17,01,06,21,25,32,49
0529,2004-01-14,01,13,33,38,45,56
0528,2004-01-10,08,12,28,31,34,37
0527,2004-01-07,06,14,17,26,50,52
0526,2004-01-03,03,21,31,36,55,59
0525,2003-12-27,08,10,24,26,32,49
0524,2003-12-20,19,29,34,41,47,48
0523,2003-12-17,28,39,40,44,45,58
0522,2003-12-13,06,14,15,25,49,52
0521,2003-12-10,15,25,28,32,38,45
0520,2003-12-06,09,12,17,32,34,35
0519,2003-12-03,09,15,19,22,36,42
0518,2003-11-29,05,08,10,15,18,44
0517,2003-11-26,07,08,28,32,38,51
0516,2003-11-22,05,13,24,33,34,35
0515,2003-11-19,15,16,39,45,48,57
0514,2003-11-15,15,36,40,42,51,52
0513,2003-11-12,10,19,27,33,39,46
0512,2003-11-08,04,08,31,40,53,58
0511,2003-11-05,03,04,08,34,36,37
0510,2003-11-01,01,04,30,41,45,58
0509,2003-10-29,28,32,33,34,35,55
0508,2003-10-25,05,10,15,45,46,56
0507,2003-10-22,03,05,27,33,44,58
0506,2003-10-18,04,15,31,34,37,38
0505,2003-10-15,03,20,28,46,47,52
0504,2003-10-11,08,11,19,30,39,50
0503,2003-10-08,07,10,21,27,48,49
0502,2003-10-04,07,13,21,24,33,50
0501,2003-10-01,16,27,28,34,39,56
0500,2003-09-27,21,29,35,36,38,54
0499,2003-09-20,01,04,05,11,44,59
0498,2003-09-17,02,06,28,49,50,57
0497,2003-09-13,09,13,20,32,41,58
0496,2003-09-10,10,19,20,29,41,59
0495,2003-09-06,08,15,29,36,49,60
0494,2003-09-03,18,20,28,32,49,53
0493,2003-08-30,03,18,20,24,42,54
0492,2003-08-27,02,06,15,18,56,57
0491,2003-08-23,01,09,15,22,43,55
0490,2003-08-20,05,11,23,29,54,58
0489,2003-08-16,17,28,33,36,53,59
0488,2003-08-13,15,30,35,39,43,57
0487,2003-08-09,08,22,25,48,52,54
0486,2003-08-06,08,14,19,30,42,50
0485,2003-08-02,19,28,30,38,52,57
0484,2003-07-30,17,18,19,38,49,53
0483,2003-07-26,16,18,23,35,44,59
0482,2003-07-23,12,13,33,53,54,56
0481,2003-07-19,06,13,22,24,42,44
0480,2003-07-16,14,33,36,38,41,49
0479,2003-07-12,20,26,41,46,54,58
0478,2003-07-09,03,08,21,25,30,31
0477,2003-07-05,06,08,18,34,38,47
0476,2003-07-02,17,20,38,43,55,58
0475,2003-06-28,06,08,19,22,43,52
0474,2003-06-25,03,12,32,34,40,50
0473,2003-06-21,07,23,41,49,51,58
0472,2003-06-18,03,04,12,29,38,51
0471,2003-06-14,05,31,32,36,51,59
0470,2003-06-11,08,11,23,37,51,58
0469,2003-06-07,13,21,26,29,42,47
0468,2003-06-04,05,06,23,25,39,51
0467,2003-05-31,08,18,21,22,38,60
0466,2003-05-28,11,16,28,29,30,45
0465,2003-05-24,01,22,31,46,51,57
0464,2003-05-21,06,24,33,38,45,50
0463,2003-05-17,02,03,07,18,45,53
0462,2003-05-14,17,19,22,26,27,48
0461,2003-05-10,15,17,20,29,30,60
0460,2003-05-07,19,23,30,37,49,55
0459,2003-05-03,08,15,17,39,43,49
0458,2003-04-30,13,24,32,34,43,53
0457,2003-04-26,15,17,24,27,32,48
0456,2003-04-23,03,17,22,27,33,40
0455,2003-04-19,02,14,15,17,50,59
0454,2003-04-16,04,17,24,42,46,56
0453,2003-04-12,08,20,23,34,52,58
0452,2003-04-09,11,16,30,36,51,54
0451,2003-04-05,17,18,23,28,31,53
0450,2003-04-02,01,09,13,50,51,59
0449,2003-03-29,01,08,24,34,49,56
0448,2003-03-26,03,05,09,45,51,52
0447,2003-03-22,15,24,25,33,42,55
0446,2003-03-19,08,11,12,17,20,47
0445,2003-03-15,07,20,31,32,50,53
0444,2003-03-12,03,24,33,48,52,57
0443,2003-03-08,11,17,26,36,48,52
0442,2003-03-01,06,15,23,31,37,59
0441,2003-02-26,02,10,15,21,58,59
0440,2003-02-22,03,05,23,30,46,47
0439,2003-02-19,13,20,29,42,43,57
0438,2003-02-15,03,05,11,14,38,48
0437,2003-02-12,07,10,30,44,54,59
0436,2003-02-08,01,06,07,29,48,57
0435,2003-02-05,10,11,17,31,37,43
0434,2003-02-01,04,10,17,24,30,54
0433,2003-01-29,16,17,28,30,36,54
0432,2003-01-25,04,13,17,27,39,50
0431,2003-01-22,26,37,40,47,52,58
0430,2003-01-18,08,10,21,25,38,50
0429,2003-01-15,17,26,32,36,43,55
0428,2003-01-11,08,28,30,32,46,60
0427,2003-01-08,03,13,14,24,43,51
0426,2003-01-04,07,30,32,37,50,54
0425,2002-12-28,06,10,16,34,42,47
0424,2002-12-21,18,27,29,36,46,59
0423,2002-12-18,08,22,32,33,40,53
0422,2002-12-14,12,37,43,55,56,60
0421,2002-12-11,05,35,37,38,45,51
0420,2002-12-07,12,29,30,43,57,59
0419,2002-12-04,09,16,41,42,52,53
0418,2002-11-30,08,15,32,45,49,52
0417,2002-11-27,07,12,21,25,34,42
0416,2002-11-23,01,13,23,33,54,56
0415,2002-11-20,01,04,27,38,42,44
0414,2002-11-16,16,26,35,45,52,58
0413,2002-11-13,02,04,29,33,35,53
0412,2002-11-09,05,12,14,21,45,59
0411,2002-11-06,10,12,31,38,45,56
0410,2002-11-02,08,24,31,36,38,55
0409,2002-10-30,18,25,26,31,34,49
0408,2002-10-26,14,28,33,44,49,56
0407,2002-10-23,02,18,22,49,51,57
0406,2002-10-19,02,12,32,38,47,48
0405,2002-10-16,24,29,34,47,57,60
0404,2002-10-12,01,24,28,38,40,58
0403,2002-10-09,07,16,27,31,46,60
0402,2002-10-05,05,16,27,43,56,58
0401,2002-10-02,11,18,43,44,50,53
0400,2002-09-28,10,13,28,29,54,59
0399,2002-09-25,11,16,27,47,55,59
0398,2002-09-21,07,16,22,28,36,37
0397,2002-09-18,01,02,05,24,32,46
0396,2002-09-14,06,18,34,42,45,47
0395,2002-09-11,10,11,14,20,31,58
0394,2002-09-07,05,15,35,42,45,49
0393,2002-09-04,06,12,35,36,40,50
0392,2002-08-31,15,23,31,39,47,49
0391,2002-08-28,04,07,15,16,35,40
0390,2002-08-24,07,12,22,34,38,53
0389,2002-08-21,05,14,18,43,46,54
0388,2002-08-17,23,36,48,52,53,58
0387,2002-08-14,22,28,29,43,47,48
0386,2002-08-10,17,35,36,39,43,54
0385,2002-08-07,05,12,16,18,22,24
0384,2002-08-03,24,28,40,47,50,52
0383,2002-07-31,14,22,48,50,53,56
0382,2002-07-27,31,34,37,38,53,54
0381,2002-07-24,09,10,28,46,55,56
0380,2002-07-20,13,22,30,31,47,57
0379,2002-07-17,24,33,40,41,55,59
0378,2002-07-13,05,38,41,45,48,55
0377,2002-07-10,03,12,19,27,45,46
0376,2002-07-06,10,13,25,35,43,48
0375,2002-07-03,01,05,09,42,51,58
0374,2002-06-29,02,05,16,26,44,54
0373,2002-06-26,01,05,10,24,31,33
0372,2002-06-22,16,17,24,39,46,57
0371,2002-06-19,04,18,23,33,39,60
0370,2002-06-15,01,04,40,42,51,54
0369,2002-06-12,01,14,21,35,42,60
0368,2002-06-08,13,29,32,38,44,50
0367,2002-06-05,10,12,27,33,49,52
0366,2002-06-01,04,06,07,15,21,51
0365,2002-05-29,19,23,34,37,52,58
0364,2002-05-25,05,29,44,51,57,59
0363,2002-05-22,19,29,39,47,49,54
0362,2002-05-18,07,20,33,37,46,56
0361,2002-05-15,16,28,31,41,45,59
0360,2002-05-11,23,24,29,47,53,55
0359,2002-05-08,13,19,20,29,31,54
0358,2002-05-04,12,17,21,32,40,42
0357,2002-04-27,02,30,32,35,45,53
0356,2002-04-24,05,19,21,54,56,58
0355,2002-04-20,02,14,22,23,37,60
0354,2002-04-17,07,16,38,40,41,52
0353,2002-04-13,19,23,30,46,55,60
0352,2002-04-10,07,20,25,44,47,49
0351,2002-04-06,15,16,24,41,59,60
0350,2002-04-03,10,15,23,30,43,57
0349,2002-03-30,08,09,28,32,38,54
0348,2002-03-27,19,30,33,39,40,52
0347,2002-03-23,01,10,12,26,48,52
0346,2002-03-20,07,12,41,46,56,60
0345,2002-03-16,11,22,46,51,56,58
0344,2002-03-13,10,12,14,33,35,36
0343,2002-03-09,04,06,07,12,24,41
0342,2002-03-06,16,29,34,49,51,54
0341,2002-03-02,05,16,22,23,43,56
0340,2002-02-27,09,10,12,33,42,60
0339,2002-02-23,05,12,13,16,27,50
0338,2002-02-20,01,04,09,36,46,48
0337,2002-02-16,04,14,16,31,52,54
0336,2002-02-09,02,18,22,26,30,54
0335,2002-02-06,07,23,33,43,57,59
0334,2002-02-02,14,23,24,26,41,51
0333,2002-01-30,04,27,35,44,52,53
0332,2002-01-26,23,28,29,34,42,44
0331,2002-01-23,01,13,20,27,35,37
0330,2002-01-19,02,04,14,23,37,51
0329,2002-01-16,10,11,12,24,35,40
0328,2002-01-12,05,07,14,21,23,51
0327,2002-01-09,29,32,33,38,46,48
0326,2002-01-05,21,23,40,44,51,52
0325,2001-12-29,01,03,04,21,23,53
0324,2001-12-22,08,15,22,25,30,47
0323,2001-12-19,26,31,33,40,49,54
0322,2001-12-15,11,18,29,44,47,56
0321,2001-12-12,04,11,31,32,48,49
0320,2001-12-08,20,22,27,47,50,53
0319,2001-12-05,12,16,17,19,23,48
0318,2001-12-01,03,19,20,31,40,53
0317,2001-11-28,16,20,27,30,35,48
0316,2001-11-24,06,24,28,43,51,56
0315,2001-11-21,12,21,22,28,43,50
0314,2001-11-17,05,32,34,37,40,58
0313,2001-11-14,14,16,24,37,38,53
0312,2001-11-10,14,23,30,41,47,50
0311,2001-11-07,22,24,30,32,38,41
0310,2001-11-03,02,14,28,29,31,32
0309,2001-10-31,04,11,25,39,50,55
0308,2001-10-27,04,11,25,29,39,55
0307,2001-10-24,13,16,17,26,41,44
0306,2001-10-20,19,30,41,47,56,57
0305,2001-10-17,05,11,27,38,53,60
0304,2001-10-13,07,11,34,41,42,59
0303,2001-10-10,07,13,17,30,37,47
0302,2001-10-06,12,25,30,40,41,60
0301,2001-10-03,09,26,48,49,57,58
0300,2001-09-29,24,27,28,38,41,57
0299,2001-09-26,02,05,07,33,49,53
0298,2001-09-22,05,22,23,24,34,60
0297,2001-09-19,01,20,28,33,36,41
0296,2001-09-15,03,20,42,46,51,52
0295,2001-09-12,07,12,24,31,44,50
0294,2001-09-08,22,25,28,41,45,57
0293,2001-09-05,05,06,07,12,28,35
0292,2001-09-01,13,23,24,34,45,53
0291,2001-08-29,05,16,17,18,22,41
0290,2001-08-25,07,25,26,30,40,57
0289,2001-08-22,06,07,20,25,30,36
0288,2001-08-18,06,09,11,17,18,50
0287,2001-08-15,03,13,25,33,47,60
0286,2001-08-11,29,35,37,44,47,56
0285,2001-08-08,12,32,37,41,50,56
0284,2001-08-04,07,08,14,30,32,36
0283,2001-08-01,25,28,34,42,48,54
0282,2001-07-28,09,14,23,24,33,36
0281,2001-07-21,05,11,31,38,47,53
0280,2001-07-14,05,16,20,25,30,58
0279,2001-07-07,04,23,31,47,58,59
0278,2001-06-30,10,15,18,22,31,55
0277,2001-06-23,04,26,38,40,52,56
0276,2001-06-16,22,39,45,53,57,59
0275,2001-06-09,16,19,30,37,38,48
0274,2001-06-02,11,13,18,26,39,47
0273,2001-05-26,10,17,23,27,47,52
0272,2001-05-19,09,10,24,36,56,58
0271,2001-05-12,14,24,26,29,31,54
0270,2001-05-05,05,09,27,35,40,45
0269,2001-04-28,17,18,19,25,49,52
0268,2001-04-21,05,06,10,21,33,47
0267,2001-04-14,01,08,45,46,55,58
0266,2001-04-07,02,23,38,46,48,54
0265,2001-03-31,07,16,34,41,50,53
0264,2001-03-24,01,05,13,25,31,33
0263,2001-03-17,08,09,26,43,50,53
0262,2001-03-10,11,20,48,53,58,60
0261,2001-03-03,05,16,20,30,54,56
0260,2001-02-24,04,06,33,43,59,60
0259,2001-02-17,13,15,20,33,43,58
0258,2001-02-10,07,12,50,54,55,60
0257,2001-02-03,01,04,05,19,28,34
0256,2001-01-27,02,21,26,32,34,52
0255,2001-01-20,16,19,20,32,44,55
0254,2001-01-13,01,04,21,22,30,56
0253,2001-01-06,11,12,24,37,44,56
0252,2000-12-30,04,17,26,32,51,54
0251,2000-12-23,15,23,30,34,49,55
0250,2000-12-16,07,25,41,42,43,55
0249,2000-12-09,21,36,40,49,54,55
0248,2000-12-02,16,32,34,35,41,56
0247,2000-11-25,03,10,23,30,34,46
0246,2000-11-18,02,16,32,37,43,57
0245,2000-11-11,08,27,44,51,53,60
0244,2000-11-04,19,24,33,47,50,60
0243,2000-10-28,11,16,20,23,32,47
0242,2000-10-21,04,07,21,22,28,56
0241,2000-10-14,11,31,35,40,56,57
0240,2000-10-07,25,28,38,41,57,59
0239,2000-09-30,06,21,33,44,46,47
0238,2000-09-23,09,13,15,37,41,42
0237,2000-09-16,07,31,36,45,56,57
0236,2000-09-09,10,25,50,52,57,60
0235,2000-09-02,02,22,29,31,41,55
0234,2000-08-26,15,25,41,42,45,54
0233,2000-08-19,03,07,24,32,36,45
0232,2000-08-12,19,22,29,37,41,59
0231,2000-08-05,16,27,36,42,44,59
0230,2000-07-29,08,40,41,44,53,56
0229,2000-07-22,11,13,21,33,39,45
0228,2000-07-15,13,16,40,43,45,59
0227,2000-07-08,11,26,27,37,42,48
0226,2000-07-01,01,02,38,49,50,59
0225,2000-06-24,02,04,16,21,37,58
0224,2000-06-17,07,16,18,20,21,44
0223,2000-06-10,02,06,22,24,28,58
0222,2000-06-03,05,19,30,48,52,55
0221,2000-05-27,13,27,43,50,54,58
0220,2000-05-20,13,14,36,53,55,60
0219,2000-05-13,23,26,28,36,42,49
0218,2000-05-06,12,17,40,42,47,54
0217,2000-04-29,03,27,32,45,49,51
0216,2000-04-22,14,18,30,35,42,59
0215,2000-04-15,07,28,37,46,53,58
0214,2000-04-08,06,12,30,31,35,50
0213,2000-04-01,03,09,23,30,32,35
0212,2000-03-25,06,15,29,45,57,59
0211,2000-03-18,10,20,33,40,45,50
0210,2000-03-11,20,32,37,38,48,58
0209,2000-03-04,13,21,26,32,41,52
0208,2000-02-26,15,23,24,25,47,57
0207,2000-02-19,03,07,19,24,53,55
0206,2000-02-12,18,20,26,34,51,56
0205,2000-02-05,26,32,40,43,46,54
0204,2000-01-29,29,31,39,41,51,58
0203,2000-01-22,11,19,29,44,47,55
0202,2000-01-15,12,24,44,45,49,53
0201,2000-01-08,05,20,22,30,35,55
0200,1999-12-31,12,15,19,34,44,51
0199,1999-12-24,10,16,37,50,52,57
0198,1999-12-18,01,08,18,23,35,40
0197,1999-12-11,05,12,15,19,29,52
0196,1999-12-04,07,09,14,17,24,32
0195,1999-11-27,03,09,17,32,37,44
0194,1999-11-20,25,28,32,33,42,43
0193,1999-11-13,04,11,12,19,43,49
0192,1999-11-06,01,26,28,41,54,60
0191,1999-10-31,01,03,05,23,41,58
0190,1999-10-24,05,10,21,32,40,42
0189,1999-10-16,04,15,31,38,41,53
0188,1999-10-10,17,27,34,42,43,46
0187,1999-10-02,06,36,41,44,48,58
0186,1999-09-25,14,23,24,25,26,51
0185,1999-09-18,17,22,43,46,55,59
0184,1999-09-11,09,16,21,34,41,60
0183,1999-09-04,02,07,11,16,40,44
0182,1999-08-28,03,05,10,28,46,60
0181,1999-08-21,01,27,33,35,51,55
0180,1999-08-14,06,23,29,39,51,60
0179,1999-08-07,05,06,23,26,27,53
0178,1999-07-31,05,15,19,26,27,33
0177,1999-07-24,22,35,38,39,41,59
0176,1999-07-17,01,03,04,28,45,53
0175,1999-07-10,01,10,13,20,42,50
0174,1999-07-03,11,22,23,36,52,59
0173,1999-06-26,17,28,29,42,49,50
0172,1999-06-19,10,14,26,35,36,49
0171,1999-06-12,04,27,40,43,46,54
0170,1999-06-05,07,41,46,51,55,58
0169,1999-05-29,01,13,21,37,51,52
0168,1999-05-22,02,09,31,35,45,50
0167,1999-05-15,01,11,28,33,38,48
0166,1999-05-08,12,13,22,57,59,60
0165,1999-05-01,10,19,23,35,39,56
0164,1999-04-24,04,10,14,19,28,44
0163,1999-04-17,08,27,36,41,53,56
0162,1999-04-10,21,23,33,38,48,51
0161,1999-04-03,06,25,30,37,39,41
0160,1999-03-27,02,13,42,52,54,58
0159,1999-03-20,09,11,16,35,50,58
0158,1999-03-13,04,14,17,43,51,58
0157,1999-03-06,04,13,17,21,41,44
0156,1999-02-27,17,23,42,49,52,55
0155,1999-02-20,12,30,32,35,43,44
0154,1999-02-13,08,10,24,33,45,48
0153,1999-02-06,02,30,31,42,45,47
0152,1999-01-30,05,12,15,29,51,58
0151,1999-01-23,03,16,20,43,52,56
0150,1999-01-16,12,44,50,52,54,55
0149,1999-01-09,07,11,20,28,45,48
0148,1998-12-31,32,35,41,55,58,59
0147,1998-12-24,06,16,23,24,28,38
0146,1998-12-19,25,32,34,42,51,60
0145,1998-12-12,15,16,31,41,43,51
0144,1998-12-05,08,32,36,44,45,55
0143,1998-11-28,06,18,20,40,50,53
0142,1998-11-21,08,15,19,20,54,59
0141,1998-11-14,10,13,22,41,42,58
0140,1998-11-07,07,31,41,44,46,55
0139,1998-10-31,03,13,26,27,41,42
0138,1998-10-24,05,14,27,37,40,41
0137,1998-10-17,15,16,19,22,26,49
0136,1998-10-10,01,17,25,38,45,59
0135,1998-10-03,21,22,35,40,53,59
0134,1998-09-26,04,25,32,36,52,60
0133,1998-09-19,05,06,19,34,39,57
0132,1998-09-12,07,09,35,41,44,50
0131,1998-09-05,04,09,17,27,30,44
0130,1998-08-29,13,29,38,42,49,53
0129,1998-08-22,01,09,10,32,46,54
0128,1998-08-15,03,09,18,21,23,43
0127,1998-08-08,21,29,50,51,54,59
0126,1998-08-01,06,10,11,28,32,40
0125,1998-07-25,25,41,47,53,56,59
0124,1998-07-18,05,15,34,41,52,57
0123,1998-07-11,13,14,16,26,32,42
0122,1998-07-04,11,17,20,39,43,53
0121,1998-06-27,02,29,41,44,53,55
0120,1998-06-20,03,16,27,40,45,46
0119,1998-06-13,01,21,36,38,47,50
0118,1998-06-06,09,22,25,37,56,57
0117,1998-05-30,20,25,27,33,42,53
0116,1998-05-23,05,13,32,36,42,51
0115,1998-05-16,04,06,14,20,24,38
0114,1998-05-09,06,12,18,37,47,54
0113,1998-05-02,07,26,28,34,54,55
0112,1998-04-25,12,20,34,37,42,43
0111,1998-04-18,04,22,25,32,33,52
0110,1998-04-11,18,31,43,52,57,58
0109,1998-04-04,01,13,44,48,49,54
0108,1998-03-29,21,24,29,34,59,60
0107,1998-03-22,02,04,16,24,51,52
0106,1998-03-15,05,16,24,35,38,39
0105,1998-03-08,03,13,31,43,46,49
0104,1998-03-01,01,04,13,21,38,52
0103,1998-02-22,01,07,09,49,54,57
0102,1998-02-15,19,20,37,42,44,56
0101,1998-02-08,01,18,29,31,37,39
0100,1998-02-01,14,29,30,46,48,51
0099,1998-01-25,11,24,30,33,46,60
0098,1998-01-18,13,14,31,33,35,43
0097,1998-01-11,05,11,14,35,53,56
0096,1998-01-04,04,07,26,40,42,58
0095,1997-12-28,06,40,45,46,50,60
0094,1997-12-21,08,18,28,51,52,55
0093,1997-12-14,02,22,28,31,36,53
0092,1997-12-07,01,03,05,23,24,51
0091,1997-11-30,02,04,10,35,39,60
0090,1997-11-23,09,21,26,40,52,54
0089,1997-11-16,13,34,42,44,55,59
0088,1997-11-09,04,18,29,37,43,45
0087,1997-11-02,04,05,11,28,32,40
0086,1997-10-26,06,21,22,34,36,54
0085,1997-10-19,06,15,30,37,45,47
0084,1997-10-12,04,06,10,25,34,40
0083,1997-10-05,04,15,16,24,42,57
0082,1997-09-28,15,18,29,36,51,53
0081,1997-09-21,10,23,41,47,54,60
0080,1997-09-14,23,28,37,40,48,51
0079,1997-09-07,02,13,17,25,31,43
0078,1997-08-31,12,22,25,31,32,46
0077,1997-08-24,21,29,40,49,54,57
0076,1997-08-17,08,17,18,23,33,53
0075,1997-08-10,21,24,35,36,37,49
0074,1997-08-03,02,24,34,37,38,50
0073,1997-07-27,25,26,28,45,51,57
0072,1997-07-20,01,19,34,43,44,48
0071,1997-07-13,16,27,33,43,45,53
0070,1997-07-06,17,23,27,40,43,58
0069,1997-06-29,25,34,45,53,56,58
0068,1997-06-22,01,03,12,13,53,59
0067,1997-06-15,12,14,17,27,47,52
0066,1997-06-08,12,13,15,26,33,48
0065,1997-06-01,01,05,20,25,32,34
0064,1997-05-25,08,12,23,50,54,60
0063,1997-05-18,09,25,26,40,41,49
0062,1997-05-11,06,08,13,24,31,52
0061,1997-05-04,08,18,29,42,44,59
0060,1997-04-27,03,14,15,20,21,38
0059,1997-04-20,02,08,13,28,34,54
0058,1997-04-13,12,27,30,37,44,49
0057,1997-04-06,07,16,17,27,34,59
0056,1997-03-30,02,07,20,35,51,59
0055,1997-03-23,02,14,23,29,38,52
0054,1997-03-16,05,09,18,21,36,56
0053,1997-03-09,03,13,16,38,42,46
0052,1997-03-02,15,30,38,46,58,59
0051,1997-02-23,17,23,24,25,42,47
0050,1997-02-16,06,16,21,44,57,58
0049,1997-02-09,07,13,33,35,43,55
0048,1997-02-02,02,05,28,34,47,50
0047,1997-01-26,03,17,25,35,48,56
0046,1997-01-19,01,23,24,32,46,60
0045,1997-01-12,07,30,37,44,53,55
0044,1997-01-05,14,18,29,38,44,47
0043,1996-12-29,02,06,17,25,26,58
0042,1996-12-22,07,11,19,24,33,36
0041,1996-12-15,12,26,35,38,39,47
0040,1996-12-08,03,05,08,12,46,47
0039,1996-12-01,12,16,37,45,52,56
0038,1996-11-24,10,42,43,45,54,55
0037,1996-11-17,06,07,22,38,52,60
0036,1996-11-10,03,13,17,25,29,51
0035,1996-11-03,04,16,21,23,54,57
0034,1996-10-27,13,15,17,40,53,57
0033,1996-10-20,05,17,33,39,42,49
0032,1996-10-13,05,14,33,36,43,44
0031,1996-10-06,17,19,28,45,48,56
0030,1996-09-29,07,14,15,29,38,50
0029,1996-09-22,03,08,14,43,56,58
0028,1996-09-15,03,06,22,24,54,60
0027,1996-09-08,13,17,20,33,44,51
0026,1996-09-01,10,22,50,53,57,58
0025,1996-08-25,24,43,50,54,55,56
0024,1996-08-19,01,08,14,28,33,43
0023,1996-08-12,17,37,39,51,52,59
0022,1996-08-05,01,09,31,38,46,56
0021,1996-07-29,06,33,36,46,49,53
0020,1996-07-22,11,25,28,30,33,51
0019,1996-07-15,05,10,12,24,25,60
0018,1996-07-08,23,27,36,37,42,56
0017,1996-07-01,06,10,13,19,20,51
0016,1996-06-24,20,32,34,49,58,60
0015,1996-06-17,12,33,35,51,52,60
0014,1996-06-10,02,16,23,27,47,53
0013,1996-06-03,18,32,47,50,54,56
0012,1996-05-27,04,16,19,20,27,43
0011,1996-05-20,15,25,37,38,58,59
0010,1996-05-13,04,18,21,25,38,57
0009,1996-05-06,08,43,54,55,56,60
0008,1996-04-29,04,17,37,38,47,53
0007,1996-04-22,03,05,20,21,38,56
0006,1996-04-15,07,13,19,22,40,47
0005,1996-04-08,01,02,06,16,19,46
0004,1996-04-01,01,05,06,27,42,59
0003,1996-03-25,10,11,29,30,36,47
0002,1996-03-18,09,37,39,41,43,49